data_point;region;vac_interval_group;vaccine;ve_zab_18_59;cil_zab_18_59;cih_zab_18_59;ve_hosp_18_59;cil_hosp_18_59;cih_hosp_18_59;ve_severe_18_59;cil_severe_18_59;cih_severe_18_59;ve_death_18_59;cil_death_18_59;cih_death_18_59;ve_zab_60;cil_zab_60;cih_zab_60;ve_hosp_60;cil_hosp_60;cih_hosp_60;ve_severe_60;cil_severe_60;cih_severe_60;ve_death_60;cil_death_60;cih_death_60;ve_zab_total;cil_zab_total;cih_zab_total;ve_hosp_total;cil_hosp_total;cih_hosp_total;ve_severe_total;cil_severe_total;cih_severe_total;ve_death_total;cil_death_total;cih_death_total
2022.02_01-07-2022;г. Москва;105_165_days;AllVaccines;0.11057;0.09207;0.12869;0.31839;0.16892;0.44099;0.53656;0.38771;0.64922;0.24612;-0.42211;0.60036;-0.11164;-0.13603;-0.08777;0.62036;0.57278;0.66264;0.66876;0.62312;0.70886;0.77122;0.71554;0.816;0.00539;-0.0095;0.02007;0.45818;0.40025;0.51051;0.55118;0.49532;0.60085;0.66304;0.58554;0.72604
2022.02_01-07-2022;г. Москва;105_165_days;CoviVac;-0.71061;-0.86376;-0.57004;-0.42732;-2.18018;0.3594;0.01705;-2.05066;0.68328;NULL;NULL;NULL;-1.02338;-1.44579;-0.67393;-0.55176;-2.25616;0.26049;0.5334;-0.86603;0.88333;0.06157;-2.75376;0.7654;-0.72631;-0.86669;-0.59648;0.10719;-0.57266;0.49314;0.66697;0.1125;0.87504;0.60394;-0.58423;0.90098
2022.02_01-07-2022;г. Москва;105_165_days;EpiVacCorona;-0.40119;-0.71896;-0.14217;NULL;NULL;NULL;NULL;NULL;NULL;NULL;NULL;NULL;-0.9162;-1.34081;-0.56861;-0.16979;-1.81131;0.51325;-0.23198;-1.96082;0.48738;0.00932;-2.96277;0.75233;-0.63167;-0.88322;-0.41372;-0.18572;-1.84937;0.50658;-0.32797;-2.1913;0.4474;-0.26332;-4.05324;0.68416
2022.02_01-07-2022;г. Москва;105_165_days;SputnikLite;0.217;0.19;0.24309;0.43369;0.20554;0.59631;0.47245;0.20398;0.65037;-0.33442;-1.83373;0.37162;-0.0967;-0.12799;-0.06627;0.64476;0.58218;0.69797;0.7378;0.68206;0.78377;0.82013;0.7502;0.87048;0.03812;0.0172;0.0586;0.4531;0.36669;0.52771;0.57441;0.4929;0.64281;0.66632;0.54769;0.75384
2022.02_01-07-2022;г. Москва;105_165_days;SputnikV;0.07541;0.05038;0.09978;0.22796;0.01037;0.39771;0.55608;0.35078;0.69646;0.4624;-0.44564;0.80008;-0.09056;-0.12672;-0.05555;0.57543;0.49467;0.64329;0.54891;0.46341;0.62078;0.68086;0.57308;0.76143;0.01098;-0.00966;0.0312;0.45605;0.3725;0.52847;0.50596;0.42118;0.57832;0.63265;0.51301;0.72289
2022.02_01-07-2022;г. Москва;165_195_days;AllVaccines;0.04965;0.03384;0.0652;0.34608;0.22861;0.44567;0.56451;0.45036;0.65495;0.66768;0.2943;0.84351;-0.26953;-0.30737;-0.23278;0.44056;0.35212;0.51693;0.57769;0.49829;0.64452;0.69935;0.59905;0.77456;0.00105;-0.0134;0.0153;0.57293;0.52352;0.61722;0.70791;0.6645;0.7457;0.82207;0.76664;0.86434
2022.02_01-07-2022;г. Москва;165_195_days;CoviVac;-0.9074;-1.04143;-0.78218;-0.99414;-2.51629;-0.1309;0.31505;-1.12579;0.7793;NULL;NULL;NULL;-1.41286;-1.91918;-0.99436;-1.93697;-4.3057;-0.62576;0.15738;-1.61318;0.7283;NULL;NULL;NULL;-0.91059;-1.03682;-0.79219;-0.21136;-0.8406;0.20276;0.69221;0.26033;0.87192;NULL;NULL;NULL
2022.02_01-07-2022;г. Москва;165_195_days;EpiVacCorona;-0.73199;-1.05296;-0.4612;NULL;NULL;NULL;NULL;NULL;NULL;NULL;NULL;NULL;-0.75713;-1.37783;-0.29846;-1.45342;-4.89622;-0.02087;-0.54986;-3.8065;0.50025;-1.07777;-7.31119;0.48057;-0.71482;-0.98962;-0.47798;-0.33932;-2.21848;0.44266;0.10021;-1.79041;0.70986;-0.42698;-4.70784;0.64325
2022.02_01-07-2022;г. Москва;165_195_days;SputnikLite;0.41943;0.3802;0.45618;0.29613;-0.16938;0.57633;0.54823;0.05097;0.78494;-0.05734;-3.25503;0.73726;-0.38867;-0.51013;-0.27698;0.73494;0.49038;0.86214;0.81398;0.58579;0.91646;0.87536;0.50144;0.96884;0.26339;0.2244;0.30042;0.68383;0.52398;0.79;0.81545;0.6749;0.89523;0.89033;0.65979;0.96465
2022.02_01-07-2022;г. Москва;165_195_days;SputnikV;0.04121;0.02429;0.05784;0.37421;0.25079;0.4773;0.55119;0.42606;0.64903;0.67087;0.25904;0.8538;-0.23146;-0.27108;-0.19307;0.43695;0.34174;0.51839;0.54901;0.46096;0.62268;0.66986;0.55697;0.75399;0.00133;-0.01406;0.01649;0.57778;0.52497;0.62472;0.69056;0.64244;0.73221;0.80587;0.74336;0.85315
2022.02_01-07-2022;г. Москва;21_45_days;AllVaccines;0.23517;0.21112;0.2585;0.34946;0.13429;0.51114;0.42215;0.17575;0.59489;0.54607;-0.41866;0.85476;0.11368;0.0752;0.15055;0.62499;0.53254;0.69916;0.57482;0.47405;0.65628;0.70292;0.57443;0.79262;0.19752;0.17718;0.21736;0.56391;0.48046;0.63395;0.55378;0.46406;0.62849;0.70861;0.58732;0.79426
2022.02_01-07-2022;г. Москва;21_45_days;CoviVac;-0.31126;-0.62821;-0.05601;-6.00911;-14.61691;-2.1458;-2.21616;-11.86977;0.19628;NULL;NULL;NULL;-0.6757;-1.77969;-0.01018;NULL;NULL;NULL;-3.13983;-11.83863;-0.33489;NULL;NULL;NULL;-0.31938;-0.61161;-0.08013;-1.24217;-3.99205;-0.00707;-0.67374;-3.46046;0.37195;NULL;NULL;NULL
2022.02_01-07-2022;г. Москва;21_45_days;EpiVacCorona;-0.67305;-2.72406;0.24837;NULL;NULL;NULL;NULL;NULL;NULL;NULL;NULL;NULL;0.00935;-2.96104;0.75224;NULL;NULL;NULL;NULL;NULL;NULL;NULL;NULL;NULL;-0.25313;-1.62859;0.40259;NULL;NULL;NULL;NULL;NULL;NULL;NULL;NULL;NULL
2022.02_01-07-2022;г. Москва;21_45_days;SputnikLite;0.16235;0.13237;0.19129;0.36561;0.10557;0.55005;0.41769;0.1133;0.61759;0.35208;-1.02495;0.79268;0.05935;0.01231;0.10416;0.67565;0.57043;0.75509;0.64424;0.5314;0.7299;0.74809;0.59968;0.84148;0.13035;0.10518;0.15481;0.60566;0.50926;0.68312;0.60746;0.50499;0.68873;0.74141;0.5987;0.83337
2022.02_01-07-2022;г. Москва;21_45_days;SputnikV;0.43166;0.39209;0.46866;0.46519;0.03299;0.70422;0.3965;-0.16183;0.68651;NULL;NULL;NULL;0.24975;0.18253;0.31144;0.46472;0.24249;0.62176;0.40073;0.16061;0.57217;0.53984;0.20669;0.73308;0.37444;0.34041;0.40672;0.48142;0.29782;0.61701;0.41894;0.21316;0.5709;0.5728;0.26356;0.75219
2022.02_01-07-2022;г. Москва;45_75_days;AllVaccines;0.26595;0.24718;0.28424;0.35204;0.18575;0.48436;0.59348;0.43191;0.70909;0.52522;-0.15249;0.80441;0.07879;0.05198;0.10485;0.45788;0.38572;0.52157;0.52752;0.45828;0.58791;0.6169;0.52545;0.69073;0.18882;0.17333;0.20403;0.35652;0.28184;0.42343;0.46594;0.39374;0.52954;0.53707;0.42934;0.62447
2022.02_01-07-2022;г. Москва;45_75_days;CoviVac;-0.31368;-0.42827;-0.20829;-0.56533;-2.01206;0.18652;-0.438;-2.20516;0.35483;NULL;NULL;NULL;-0.95826;-1.39726;-0.59966;-0.46532;-2.26273;0.34191;NULL;NULL;NULL;NULL;NULL;NULL;-0.35081;-0.45941;-0.25029;0.20255;-0.34699;0.52789;0.61755;0.14847;0.82823;NULL;NULL;NULL
2022.02_01-07-2022;г. Москва;45_75_days;EpiVacCorona;-0.61336;-1.17547;-0.19649;NULL;NULL;NULL;-6.54782;-29.20329;-0.88621;NULL;NULL;NULL;-1.33954;-2.16597;-0.72884;-1.61293;-5.9638;0.01958;-0.37551;-4.50101;0.65606;-1.76645;-10.06598;0.3084;-0.89691;-1.34928;-0.53164;-1.45571;-5.54435;0.07852;-1.06247;-5.3961;0.33494;-2.27087;-12.08334;0.18227
2022.02_01-07-2022;г. Москва;45_75_days;SputnikLite;0.29732;0.26284;0.33019;0.60759;0.32321;0.77248;0.49997;0.11782;0.71658;0.31928;-1.7394;0.83085;0.0627;0.02076;0.10284;0.48157;0.3672;0.57527;0.57204;0.46426;0.65814;0.64308;0.49445;0.74801;0.17419;0.14711;0.20041;0.34238;0.2064;0.45506;0.41154;0.27401;0.52301;0.47574;0.26141;0.62788
2022.02_01-07-2022;г. Москва;45_75_days;SputnikV;0.29336;0.27077;0.31525;0.27282;0.05218;0.44209;0.682;0.49407;0.80012;0.41933;-0.56144;0.78406;0.11014;0.0758;0.14321;0.44187;0.3439;0.52522;0.47159;0.37343;0.55437;0.5767;0.44612;0.6765;0.22574;0.20679;0.24425;0.36267;0.26809;0.44503;0.47274;0.381;0.55088;0.53066;0.39027;0.63872
2022.02_01-07-2022;г. Москва;75_90_days;AllVaccines;0.22976;0.20599;0.25281;0.42378;0.22359;0.57236;0.47739;0.24567;0.63793;0.70846;-0.17322;0.92756;0.08422;0.05339;0.11405;0.54405;0.46645;0.61037;0.60864;0.53446;0.671;0.63734;0.53185;0.71905;0.16137;0.14241;0.17991;0.42439;0.3383;0.49927;0.49713;0.41141;0.57036;0.53895;0.40617;0.64205
2022.02_01-07-2022;г. Москва;75_90_days;CoviVac;-0.41916;-0.587;-0.26908;-1.01704;-3.49414;0.09472;-0.38908;-3.3111;0.55242;NULL;NULL;NULL;-0.50614;-0.94412;-0.16684;0.10221;-1.78431;0.71051;-0.57631;-2.78834;0.34411;-0.26756;-4.07032;0.68311;-0.40691;-0.5588;-0.26982;0.16452;-0.67112;0.5823;0.18132;-0.7178;0.60982;0.44382;-1.22468;0.86095
2022.02_01-07-2022;г. Москва;75_90_days;EpiVacCorona;-0.46087;-1.26442;0.05753;NULL;NULL;NULL;NULL;NULL;NULL;NULL;NULL;NULL;-1.11208;-2.1785;-0.40346;-2.23094;-9.02011;-0.0418;-1.26811;-8.07072;0.43287;NULL;NULL;NULL;-0.7275;-1.33761;-0.27663;-2.35479;-9.40359;-0.0818;-1.50448;-9.01561;0.37374;NULL;NULL;NULL
2022.02_01-07-2022;г. Москва;75_90_days;SputnikLite;0.28276;0.24211;0.32123;0.54936;0.18519;0.75077;0.54824;0.09523;0.77443;NULL;NULL;NULL;0.05446;0.0031;0.10318;0.48766;0.34595;0.59868;0.63572;0.51002;0.72917;0.61701;0.42286;0.74585;0.16957;0.13728;0.20064;0.36696;0.20548;0.49562;0.51882;0.36634;0.63461;0.48367;0.22199;0.65733
2022.02_01-07-2022;г. Москва;75_90_days;SputnikV;0.241;0.21139;0.26949;0.39951;0.134;0.58362;0.4295;0.1135;0.63286;0.53614;-0.86671;0.88473;0.1131;0.07463;0.14996;0.57329;0.47527;0.653;0.59533;0.49688;0.67452;0.63328;0.49297;0.73477;0.18162;0.15804;0.20454;0.45769;0.35022;0.54738;0.48485;0.3732;0.57662;0.53961;0.36621;0.66557
2022.02_01-07-2022;г. Москва;90_105_days;AllVaccines;0.2146;0.18755;0.24075;0.4164;0.18521;0.58199;0.54174;0.28791;0.70509;0.6274;-0.49945;0.90741;0.04225;0.00985;0.07359;0.5244;0.44291;0.59398;0.58646;0.50808;0.65235;0.6816;0.57904;0.75918;0.1232;0.10219;0.14371;0.3583;0.25946;0.44394;0.44082;0.3425;0.52444;0.54628;0.40182;0.65585
2022.02_01-07-2022;г. Москва;90_105_days;CoviVac;-0.35275;-0.55727;-0.17509;-2.05443;-5.80554;-0.37088;-1.80627;-6.4854;-0.05207;NULL;NULL;NULL;-0.68612;-1.14638;-0.32456;-0.49775;-2.59948;0.37679;-0.26172;-2.36268;0.52659;NULL;NULL;NULL;-0.40504;-0.58711;-0.24386;-0.47475;-1.74178;0.20676;-0.15584;-1.42523;0.44914;NULL;NULL;NULL
2022.02_01-07-2022;г. Москва;90_105_days;EpiVacCorona;0.17155;-0.35231;0.49247;NULL;NULL;NULL;NULL;NULL;NULL;NULL;NULL;NULL;-1.02839;-1.86849;-0.43433;-1.97372;-6.92533;-0.11579;-1.3485;-6.28328;0.24272;-3.72405;-13.65458;-0.52284;-0.35499;-0.80346;-0.01804;-2.13552;-7.356;-0.17657;-1.63342;-7.16671;0.15083;-5.26624;-18.43808;-1.02005
2022.02_01-07-2022;г. Москва;90_105_days;SputnikLite;0.23969;0.19899;0.27832;0.69007;0.37956;0.84518;0.73312;0.35801;0.88906;NULL;NULL;NULL;-0.02545;-0.07545;0.02221;0.63671;0.524;0.72274;0.6027;0.48197;0.6953;0.73929;0.5857;0.83595;0.10217;0.07008;0.13315;0.53843;0.40506;0.6419;0.49138;0.34296;0.60628;0.63165;0.41467;0.76819
2022.02_01-07-2022;г. Москва;90_105_days;SputnikV;0.22469;0.18769;0.26;0.27253;-0.09686;0.51752;0.43442;0.024;0.67226;0.28967;-1.85855;0.82349;0.11794;0.07578;0.15817;0.4416;0.31841;0.54252;0.57534;0.46348;0.66388;0.62768;0.46973;0.73859;0.16343;0.1354;0.19055;0.23996;0.09003;0.36519;0.41295;0.27128;0.52708;0.46214;0.23825;0.62023
2022.02_01-07-2022;г. Санкт-Петербург;105_165_days;AllVaccines;0.29197;0.28138;0.3024;0.44687;0.39057;0.49797;0.53545;0.33949;0.67328;0.61231;0.26758;0.79479;-0.00578;-0.02906;0.01697;0.48942;0.44561;0.52976;0.71598;0.65194;0.76824;0.76821;0.69775;0.82225;0.21844;0.20865;0.22811;0.50011;0.46774;0.53051;0.71369;0.65843;0.76001;0.7802;0.71872;0.82823
2022.02_01-07-2022;г. Санкт-Петербург;105_165_days;CoviVac;-0.35501;-0.43666;-0.278;-0.08131;-0.5894;0.26436;0.05839;-2.77447;0.7651;NULL;NULL;NULL;-1.09598;-1.58956;-0.69648;-0.0688;-1.37954;0.51994;-0.27279;-4.09153;0.68183;-0.7918;-6.1691;0.55217;-0.43741;-0.5208;-0.35859;0.36214;0.09271;0.55156;0.70525;0.08565;0.90498;0.70039;-0.1987;0.92511
2022.02_01-07-2022;г. Санкт-Петербург;105_165_days;EpiVacCorona;-0.28534;-0.64223;-0.00601;-0.39213;-4.56758;0.65191;NULL;NULL;NULL;NULL;NULL;NULL;-1.02955;-1.72746;-0.51022;-1.36143;-3.95457;-0.1255;-2.61649;-10.21958;-0.16573;-4.0919;-14.80038;-0.64094;-0.4882;-0.79873;-0.23129;-0.9367;-2.87324;0.03161;-2.47268;-9.77247;-0.11947;-4.29715;-15.43601;-0.70721
2022.02_01-07-2022;г. Санкт-Петербург;105_165_days;SputnikLite;0.33102;0.31771;0.34407;0.46996;0.39696;0.53413;0.42268;0.1235;0.61974;0.36914;-0.23135;0.67679;-0.00545;-0.03605;0.02425;0.50002;0.44099;0.55281;0.72856;0.64001;0.79533;0.77454;0.67474;0.84372;0.25016;0.23771;0.2624;0.52217;0.48006;0.56087;0.71272;0.63662;0.77288;0.7727;0.68546;0.83574
2022.02_01-07-2022;г. Санкт-Петербург;105_165_days;SputnikV;0.25464;0.23733;0.27155;0.40613;0.30983;0.48901;0.61952;0.2888;0.79645;0.79005;0.15458;0.94786;0.01321;-0.02063;0.04592;0.45501;0.38541;0.51672;0.68254;0.57386;0.7635;0.75261;0.63303;0.83323;0.19139;0.1759;0.20658;0.43978;0.38458;0.49002;0.6802;0.58159;0.75558;0.7662;0.65587;0.84116
2022.02_01-07-2022;г. Санкт-Петербург;165_195_days;AllVaccines;0.14441;0.13244;0.15621;0.46175;0.40565;0.51256;0.62966;0.45092;0.75022;0.68528;0.36148;0.84488;-0.25501;-0.29155;-0.21951;0.4241;0.35676;0.48439;0.69968;0.60056;0.7742;0.81624;0.71756;0.88044;0.06671;0.05499;0.07829;0.57924;0.5471;0.60909;0.80686;0.75647;0.84682;0.88803;0.83747;0.92287
2022.02_01-07-2022;г. Санкт-Петербург;165_195_days;CoviVac;-0.47309;-0.60708;-0.35026;-0.40685;-1.37683;0.16728;NULL;NULL;NULL;NULL;NULL;NULL;-2.47576;-3.65561;-1.59492;NULL;NULL;NULL;NULL;NULL;NULL;NULL;NULL;NULL;-0.59974;-0.73905;-0.47158;0.29462;-0.19128;0.58233;NULL;NULL;NULL;NULL;NULL;NULL
2022.02_01-07-2022;г. Санкт-Петербург;165_195_days;EpiVacCorona;-0.41975;-0.70455;-0.18254;-1.13995;-4.14311;0.10961;-8.72306;-37.9752;-1.42559;-26.22456;-108.62906;-5.76077;-1.01202;-1.60866;-0.55184;-2.61601;-5.1076;-1.14086;-4.53979;-11.34088;-1.4868;-1.59609;-9.38713;0.35115;-0.56553;-0.81875;-0.34756;-1.86942;-3.55545;-0.80741;-4.33858;-10.2065;-1.54321;-2.48604;-9.8165;-0.12351
2022.02_01-07-2022;г. Санкт-Петербург;165_195_days;SputnikLite;0.13213;0.1123;0.15151;0.43728;0.33762;0.52195;0.65871;0.31405;0.83019;0.52255;-0.28505;0.8226;-0.45154;-0.54589;-0.36295;0.44171;0.26685;0.57486;0.73222;0.4378;0.87245;0.89247;0.56978;0.97313;0.06031;0.04015;0.08005;0.63657;0.58205;0.68397;0.87875;0.79507;0.92827;0.9341;0.84152;0.9726
2022.02_01-07-2022;г. Санкт-Петербург;165_195_days;SputnikV;0.15615;0.14145;0.17059;0.47136;0.40076;0.53363;0.58093;0.32967;0.73802;0.74427;0.3117;0.90498;-0.19122;-0.23019;-0.15349;0.43519;0.36122;0.50059;0.71638;0.60776;0.79492;0.79574;0.67911;0.86998;0.08174;0.06766;0.0956;0.54949;0.50815;0.58736;0.77727;0.70859;0.82977;0.86246;0.7907;0.90962
2022.02_01-07-2022;г. Санкт-Петербург;21_45_days;AllVaccines;0.56587;0.55256;0.57878;0.59118;0.50911;0.65952;0.48292;0.10363;0.70172;0.55897;-0.18702;0.83614;0.35368;0.32566;0.38054;0.5885;0.52553;0.64311;0.6968;0.58578;0.77806;0.77677;0.65689;0.85476;0.51112;0.49894;0.523;0.59672;0.54868;0.63964;0.6768;0.575;0.75422;0.77357;0.66147;0.84855
2022.02_01-07-2022;г. Санкт-Петербург;21_45_days;CoviVac;0.22355;-0.08669;0.44522;-1.37519;-6.36635;0.23415;NULL;NULL;NULL;NULL;NULL;NULL;-0.93153;-3.05173;0.0792;NULL;NULL;NULL;NULL;NULL;NULL;NULL;NULL;NULL;0.13079;-0.185;0.36243;-0.13461;-2.51825;0.63409;NULL;NULL;NULL;NULL;NULL;NULL
2022.02_01-07-2022;г. Санкт-Петербург;21_45_days;EpiVacCorona;0.24244;0.03022;0.40822;-1.08483;-4.01064;0.13254;-8.47262;-36.97131;-1.36311;NULL;NULL;NULL;-0.47341;-0.96119;-0.10694;-1.52287;-3.55696;-0.39674;-2.27818;-7.7401;-0.22956;-2.46052;-9.73814;-0.1152;0.05447;-0.14083;0.21634;-1.26575;-2.75914;-0.36563;-2.61183;-7.68288;-0.50241;-2.30376;-9.25093;-0.06477
2022.02_01-07-2022;г. Санкт-Петербург;21_45_days;SputnikLite;0.53993;0.52071;0.55838;0.55301;0.42927;0.64993;0.4535;-0.15183;0.74071;0.34685;-1.04285;0.79117;0.33716;0.3006;0.37181;0.64543;0.56826;0.70881;0.76008;0.62333;0.84719;0.80475;0.64689;0.89204;0.48358;0.46649;0.50011;0.59983;0.5333;0.65687;0.7092;0.56904;0.80378;0.76978;0.60292;0.86653
2022.02_01-07-2022;г. Санкт-Петербург;21_45_days;SputnikV;0.5903;0.57132;0.60844;0.64714;0.52985;0.73517;0.48804;-0.14461;0.77101;0.52567;-0.91006;0.88221;0.38893;0.34448;0.43037;0.52411;0.41013;0.61606;0.61607;0.39722;0.75546;0.7446;0.50845;0.86729;0.54305;0.52532;0.56012;0.61407;0.54137;0.67524;0.65976;0.49168;0.77226;0.78439;0.59873;0.88414
2022.02_01-07-2022;г. Санкт-Петербург;45_75_days;AllVaccines;0.4997;0.49095;0.50829;0.60285;0.55534;0.64529;0.63245;0.45506;0.7521;0.64674;0.31049;0.81901;0.27756;0.25814;0.29647;0.54211;0.5002;0.58051;0.73251;0.66931;0.78363;0.7961;0.72855;0.84685;0.44512;0.43702;0.45311;0.59132;0.56201;0.61867;0.74303;0.69006;0.78694;0.80739;0.74891;0.85225
2022.02_01-07-2022;г. Санкт-Петербург;45_75_days;CoviVac;-0.06786;-0.23394;0.07586;-0.20697;-1.68762;0.45796;NULL;NULL;NULL;NULL;NULL;NULL;-0.99574;-2.00344;-0.32614;-0.26897;-4.0745;0.68267;NULL;NULL;NULL;NULL;NULL;NULL;-0.15711;-0.32648;-0.00936;0.31589;-0.43522;0.67391;NULL;NULL;NULL;NULL;NULL;NULL
2022.02_01-07-2022;г. Санкт-Петербург;45_75_days;EpiVacCorona;0.08943;-0.02423;0.19048;0.43268;-0.36348;0.76395;-1.57766;-9.33263;0.35696;-6.21745;-28.06353;-0.79233;-0.36522;-0.59352;-0.16963;-0.42638;-1.14741;0.05255;-0.10714;-1.6619;0.53952;0.37719;-1.49191;0.84434;-0.03268;-0.13414;0.05971;-0.10802;-0.61619;0.24037;-0.17702;-1.6217;0.47157;0.10306;-1.78302;0.71093
2022.02_01-07-2022;г. Санкт-Петербург;45_75_days;SputnikLite;0.53153;0.51607;0.5465;0.55807;0.46204;0.63695;0.55389;0.13794;0.76914;0.30424;-0.69064;0.71367;0.31103;0.28262;0.33832;0.55049;0.48612;0.6068;0.70885;0.60224;0.78688;0.74432;0.62072;0.82764;0.46762;0.45398;0.48091;0.51912;0.46278;0.56955;0.65601;0.54265;0.74128;0.68347;0.54346;0.78055
2022.02_01-07-2022;г. Санкт-Петербург;45_75_days;SputnikV;0.47653;0.46565;0.48719;0.60685;0.54857;0.65761;0.63698;0.41163;0.77602;0.765;0.3675;0.91269;0.25067;0.22409;0.27634;0.53298;0.47476;0.58475;0.74065;0.65187;0.8068;0.81425;0.71984;0.87684;0.42507;0.41479;0.43517;0.62015;0.58455;0.6527;0.77809;0.71416;0.82772;0.85667;0.78903;0.90262
2022.02_01-07-2022;г. Санкт-Петербург;75_90_days;AllVaccines;0.46278;0.45053;0.47475;0.62718;0.5636;0.6815;0.62821;0.36795;0.7813;0.6307;0.10264;0.84802;0.16054;0.13228;0.18789;0.54106;0.48333;0.59235;0.66992;0.571;0.74604;0.78957;0.69021;0.85707;0.38959;0.37812;0.40085;0.601;0.56133;0.63708;0.69783;0.61716;0.7615;0.80393;0.71891;0.86323
2022.02_01-07-2022;г. Санкт-Петербург;75_90_days;CoviVac;0.08805;-0.14713;0.27502;-1.16581;-4.20526;0.09885;NULL;NULL;NULL;NULL;NULL;NULL;-0.74674;-2.15423;0.0327;NULL;NULL;NULL;NULL;NULL;NULL;NULL;NULL;NULL;0.00907;-0.22882;0.20091;-0.03893;-1.49639;0.56762;NULL;NULL;NULL;NULL;NULL;NULL
2022.02_01-07-2022;г. Санкт-Петербург;75_90_days;EpiVacCorona;0.04173;-0.13958;0.1942;0.22169;-1.41382;0.74904;NULL;NULL;NULL;NULL;NULL;NULL;-0.57722;-0.97216;-0.26136;-0.34794;-1.59135;0.29884;-1.6773;-5.43704;-0.11355;-1.26021;-6.01353;0.27161;-0.11799;-0.2825;0.02541;-0.04913;-0.89478;0.4191;-1.28111;-4.48383;0.05112;-1.08655;-5.47415;0.32753
2022.02_01-07-2022;г. Санкт-Петербург;75_90_days;SputnikLite;0.49727;0.47673;0.51699;0.5696;0.44499;0.66623;0.51187;-0.09133;0.78167;0.54775;-0.82115;0.88769;0.15736;0.11447;0.19817;0.5279;0.43606;0.60478;0.68587;0.52654;0.79159;0.7891;0.61859;0.88338;0.40355;0.38468;0.42184;0.53083;0.45704;0.59459;0.65599;0.50103;0.76283;0.77583;0.6047;0.87288
2022.02_01-07-2022;г. Санкт-Петербург;75_90_days;SputnikV;0.44151;0.42598;0.45663;0.65528;0.5774;0.71881;0.62568;0.27667;0.80629;0.53539;-0.25049;0.82737;0.17236;0.1348;0.20829;0.54885;0.47023;0.61581;0.67041;0.53048;0.76864;0.79132;0.64703;0.87662;0.38005;0.36541;0.39436;0.63964;0.59109;0.68243;0.72565;0.62384;0.7999;0.81834;0.70727;0.88727
2022.02_01-07-2022;г. Санкт-Петербург;90_105_days;AllVaccines;0.41019;0.39451;0.42546;0.56449;0.47938;0.63569;0.5996;0.25155;0.78579;0.43902;-0.36314;0.76913;0.11737;0.08464;0.14894;0.53972;0.47381;0.59738;0.80714;0.71626;0.86891;0.86464;0.76649;0.92153;0.33384;0.31951;0.34786;0.5524;0.50173;0.59791;0.7827;0.69685;0.84424;0.83949;0.74135;0.90039
2022.02_01-07-2022;г. Санкт-Петербург;90_105_days;CoviVac;-0.17117;-0.34921;-0.01663;0.15458;-1.25326;0.6828;NULL;NULL;NULL;NULL;NULL;NULL;0.11931;-0.69267;0.54178;-0.4313;-4.72366;0.64208;NULL;NULL;NULL;NULL;NULL;NULL;-0.18652;-0.36296;-0.03292;0.48395;-0.23999;0.78523;NULL;NULL;NULL;NULL;NULL;NULL
2022.02_01-07-2022;г. Санкт-Петербург;90_105_days;EpiVacCorona;-0.13243;-0.39399;0.08004;-1.20579;-4.30135;0.08221;-9.02221;-39.17437;-1.50022;-27.06219;-112.00205;-5.96878;-1.00743;-1.5508;-0.57981;-1.62999;-3.63249;-0.49312;-1.34843;-6.28564;0.24301;NULL;NULL;NULL;-0.37722;-0.6121;-0.17656;-1.47525;-3.0413;-0.51607;-1.95833;-6.8866;-0.1097;-1.25467;-8.02058;0.43645
2022.02_01-07-2022;г. Санкт-Петербург;90_105_days;SputnikLite;0.44012;0.41833;0.46109;0.65267;0.5386;0.73854;0.50665;-0.103;0.77933;0.31083;-1.15552;0.77966;0.0854;0.0388;0.12974;0.58772;0.49749;0.66174;0.83728;0.70586;0.90999;0.8752;0.72188;0.94399;0.34594;0.32585;0.36544;0.61182;0.54313;0.67017;0.79751;0.6691;0.87609;0.8458;0.69129;0.92298
2022.02_01-07-2022;г. Санкт-Петербург;90_105_days;SputnikV;0.39679;0.37382;0.41892;0.48319;0.34479;0.59235;0.66196;0.09607;0.87358;0.52848;-0.89876;0.8829;0.1681;0.12215;0.21163;0.51344;0.41239;0.59711;0.77801;0.6247;0.86869;0.82163;0.64287;0.91092;0.33699;0.31633;0.35702;0.50823;0.42973;0.57592;0.77553;0.63851;0.86062;0.81898;0.65165;0.90593
2022.02_01-07-2022;г. Севастополь;105_165_days;AllVaccines;0.09433;0.03297;0.1518;0.42441;0.20179;0.58495;-0.19782;-2.96721;0.63834;-1.49547;-7.843;0.29579;0.04822;-0.0447;0.13288;0.45028;0.27833;0.58125;0.76678;0.43341;0.90401;0.71034;0.29437;0.88109;0.07833;0.02756;0.12644;0.43075;0.29756;0.53869;0.6923;0.34702;0.85501;0.6;0.14818;0.81216
2022.02_01-07-2022;г. Севастополь;105_165_days;CoviVac;-0.44668;-2.03522;0.31047;NULL;NULL;NULL;NULL;NULL;NULL;NULL;NULL;NULL;NULL;NULL;NULL;NULL;NULL;NULL;NULL;NULL;NULL;NULL;NULL;NULL;-0.13943;-1.39043;0.45688;NULL;NULL;NULL;NULL;NULL;NULL;NULL;NULL;NULL
2022.02_01-07-2022;г. Севастополь;105_165_days;EpiVacCorona;-0.39711;-1.14361;0.08942;-1.23997;-7.97426;0.4409;-58.87623;-251.26947;-13.21164;-118.75245;-529.66171;-26.02409;-0.62113;-1.79382;0.05932;-1.00237;-5.21945;0.35533;NULL;NULL;NULL;NULL;NULL;NULL;-0.4377;-1.02297;-0.02176;-0.77105;-3.72438;0.33608;-5.49646;-25.1343;-0.61489;-7.38972;-32.81161;-1.08175
2022.02_01-07-2022;г. Севастополь;105_165_days;SputnikLite;0.01541;-0.07423;0.09756;0.38583;0.04189;0.6063;-0.59922;-5.73779;0.62043;-2.19843;-13.17328;0.27822;0.03583;-0.07468;0.13497;0.45661;0.24838;0.60715;NULL;NULL;NULL;NULL;NULL;NULL;0.01446;-0.05478;0.07916;0.36274;0.17007;0.51069;0.84121;0.36119;0.96053;0.79493;0.17354;0.94912
2022.02_01-07-2022;г. Севастополь;105_165_days;SputnikV;0.18222;0.09856;0.25811;0.41668;0.06851;0.63471;NULL;NULL;NULL;NULL;NULL;NULL;0.08762;-0.08733;0.23442;0.39503;0.00844;0.6309;0.07995;-1.23526;0.6213;-0.14274;-1.78375;0.5309;0.17094;0.09721;0.23864;0.49842;0.29204;0.64464;0.44485;-0.34686;0.77118;0.28024;-0.75125;0.70418
2022.02_01-07-2022;г. Севастополь;165_195_days;AllVaccines;-0.07781;-0.16948;0.00668;0.71324;0.46465;0.8464;-0.51539;-5.38462;0.64032;NULL;NULL;NULL;-0.28496;-0.46864;-0.12425;0.31159;-0.04109;0.5448;0.42459;-0.54845;0.78618;0.46802;-0.66706;0.83024;-0.11791;-0.19859;-0.04265;0.5766;0.39926;0.7016;0.51644;-0.17317;0.80069;0.62816;-0.16417;0.88123
2022.02_01-07-2022;г. Севастополь;165_195_days;CoviVac;0.0147;-0.97068;0.50737;NULL;NULL;NULL;NULL;NULL;NULL;NULL;NULL;NULL;-0.61114;-3.29438;0.39554;-3.31479;-16.27725;-0.07757;NULL;NULL;NULL;NULL;NULL;NULL;-0.03004;-0.8603;0.42967;-0.90348;-6.61705;0.52432;NULL;NULL;NULL;NULL;NULL;NULL
2022.02_01-07-2022;г. Севастополь;165_195_days;EpiVacCorona;-0.93102;-1.83731;-0.31422;NULL;NULL;NULL;NULL;NULL;NULL;NULL;NULL;NULL;-0.91973;-2.09049;-0.19248;-1.41831;-5.4565;0.09421;NULL;NULL;NULL;NULL;NULL;NULL;-0.89906;-1.57067;-0.40292;-0.8371;-3.90057;0.31132;NULL;NULL;NULL;NULL;NULL;NULL
2022.02_01-07-2022;г. Севастополь;165_195_days;SputnikLite;-0.55168;-1.13359;-0.12848;NULL;NULL;NULL;NULL;NULL;NULL;NULL;NULL;NULL;-0.27552;-0.92119;0.15316;-0.48435;-2.57433;0.38358;NULL;NULL;NULL;NULL;NULL;NULL;-0.42813;-0.84014;-0.10836;-0.20828;-1.90676;0.49775;NULL;NULL;NULL;NULL;NULL;NULL
2022.02_01-07-2022;г. Севастополь;165_195_days;SputnikV;-0.03806;-0.13178;0.04789;0.68653;0.41478;0.83209;-0.65657;-5.97944;0.60681;NULL;NULL;NULL;-0.2574;-0.45671;-0.08535;0.46287;0.10549;0.67747;0.30575;-0.86825;0.74202;0.35815;-1.01136;0.79518;-0.07563;-0.15889;0.00164;0.64723;0.47215;0.76424;0.46017;-0.3097;0.77749;0.58489;-0.29965;0.86741
2022.02_01-07-2022;г. Севастополь;21_45_days;AllVaccines;0.20216;0.11236;0.28288;0.7736;0.4943;0.89864;-1.00571;-7.45041;0.52394;NULL;NULL;NULL;0.28148;0.16884;0.37885;0.6591;0.44929;0.78897;0.80798;0.22684;0.95231;NULL;NULL;NULL;0.22751;0.15804;0.29125;0.68335;0.51775;0.79208;0.68527;0.01679;0.89925;NULL;NULL;NULL
2022.02_01-07-2022;г. Севастополь;21_45_days;CoviVac;-0.40872;-2.75402;0.47137;NULL;NULL;NULL;NULL;NULL;NULL;NULL;NULL;NULL;-0.28865;-4.15397;0.6778;NULL;NULL;NULL;NULL;NULL;NULL;NULL;NULL;NULL;-0.14402;-1.74889;0.52389;NULL;NULL;NULL;NULL;NULL;NULL;NULL;NULL;NULL
2022.02_01-07-2022;г. Севастополь;21_45_days;EpiVacCorona;NULL;NULL;NULL;NULL;NULL;NULL;NULL;NULL;NULL;NULL;NULL;NULL;-0.56648;-2.76511;0.34826;NULL;NULL;NULL;NULL;NULL;NULL;NULL;NULL;NULL;0.30319;-0.67433;0.71;NULL;NULL;NULL;NULL;NULL;NULL;NULL;NULL;NULL
2022.02_01-07-2022;г. Севастополь;21_45_days;SputnikLite;0.09352;-0.02601;0.19912;0.76567;0.37389;0.9123;-2.12285;-12.15713;0.25879;NULL;NULL;NULL;0.25464;0.1284;0.3626;0.66134;0.42598;0.80019;0.76763;0.06437;0.94229;NULL;NULL;NULL;0.15351;0.06712;0.23191;0.65457;0.44299;0.78579;0.55433;-0.39225;0.85734;NULL;NULL;NULL
2022.02_01-07-2022;г. Севастополь;21_45_days;SputnikV;0.37889;0.23575;0.49523;0.65302;-0.07846;0.88836;NULL;NULL;NULL;NULL;NULL;NULL;0.42564;0.12693;0.62215;0.44145;-0.49124;0.79079;NULL;NULL;NULL;NULL;NULL;NULL;0.39999;0.27686;0.50215;0.67152;0.26778;0.85264;NULL;NULL;NULL;NULL;NULL;NULL
2022.02_01-07-2022;г. Севастополь;45_75_days;AllVaccines;0.18624;0.12482;0.24335;0.52028;0.29987;0.67131;0.11833;-2.71466;0.79073;-0.76335;-6.81397;0.60207;0.2402;0.15275;0.31863;0.39952;0.20594;0.54591;0.61761;0.18715;0.82011;0.73309;0.28002;0.90105;0.20292;0.15318;0.24974;0.44176;0.30024;0.55466;0.59323;0.17641;0.7991;0.67482;0.20881;0.86635
2022.02_01-07-2022;г. Севастополь;45_75_days;CoviVac;-1.22367;-2.91667;-0.26248;NULL;NULL;NULL;NULL;NULL;NULL;NULL;NULL;NULL;-0.35317;-3.19696;0.56372;NULL;NULL;NULL;NULL;NULL;NULL;NULL;NULL;NULL;-0.836;-2.1007;-0.08714;NULL;NULL;NULL;NULL;NULL;NULL;NULL;NULL;NULL
2022.02_01-07-2022;г. Севастополь;45_75_days;EpiVacCorona;-0.46242;-1.29355;0.06753;NULL;NULL;NULL;NULL;NULL;NULL;NULL;NULL;NULL;-0.72619;-1.97487;-0.00164;-1.13214;-5.62251;0.31355;NULL;NULL;NULL;NULL;NULL;NULL;-0.51978;-1.16173;-0.06847;-0.49399;-3.63694;0.51865;NULL;NULL;NULL;NULL;NULL;NULL
2022.02_01-07-2022;г. Севастополь;45_75_days;SputnikLite;0.14707;0.02266;0.25565;0.25394;-0.35353;0.58878;NULL;NULL;NULL;NULL;NULL;NULL;0.23364;0.11351;0.3375;0.28208;-0.0159;0.49266;0.48011;-0.26307;0.78601;0.48669;-0.38462;0.8097;0.17466;0.08838;0.25277;0.09205;-0.22908;0.32928;0.23351;-0.85959;0.68407;0.20959;-1.12983;0.70667
2022.02_01-07-2022;г. Севастополь;45_75_days;SputnikV;0.2134;0.14232;0.27858;0.56655;0.30784;0.72857;-0.25774;-4.29907;0.70148;-1.51547;-10.14686;0.43234;0.25787;0.12513;0.37047;0.51537;0.22744;0.696;0.61173;-0.21425;0.87584;NULL;NULL;NULL;0.23106;0.16988;0.28773;0.60766;0.45161;0.7193;0.67431;0.12465;0.87882;0.79156;0.15997;0.94828
2022.02_01-07-2022;г. Севастополь;75_90_days;AllVaccines;0.1842;0.12489;0.2395;0.4413;0.2151;0.60231;0.18712;-2.42483;0.80706;NULL;NULL;NULL;0.17118;0.08268;0.25114;0.46803;0.29285;0.59981;0.90167;0.60407;0.97558;0.87831;0.50922;0.96983;0.17926;0.13048;0.2253;0.45075;0.31596;0.55898;0.86243;0.57023;0.95596;0.88208;0.52477;0.97074
2022.02_01-07-2022;г. Севастополь;75_90_days;CoviVac;-0.8644;-2.28388;-0.05851;NULL;NULL;NULL;NULL;NULL;NULL;NULL;NULL;NULL;-2.30259;-6.35459;-0.48303;NULL;NULL;NULL;NULL;NULL;NULL;NULL;NULL;NULL;-1.04208;-2.28567;-0.26918;NULL;NULL;NULL;NULL;NULL;NULL;NULL;NULL;NULL
2022.02_01-07-2022;г. Севастополь;75_90_days;EpiVacCorona;-0.21992;-0.99194;0.25288;-2.85785;-10.99074;-0.24121;NULL;NULL;NULL;NULL;NULL;NULL;-0.45551;-1.912;0.27249;-2.90306;-9.42051;-0.46191;NULL;NULL;NULL;NULL;NULL;NULL;-0.23439;-0.85807;0.17994;-2.2785;-6.30805;-0.47078;NULL;NULL;NULL;NULL;NULL;NULL
2022.02_01-07-2022;г. Севастополь;75_90_days;SputnikLite;0.05184;-0.07526;0.16392;0.61913;0.14928;0.82948;NULL;NULL;NULL;NULL;NULL;NULL;0.14712;0.03108;0.24926;0.53207;0.30911;0.68308;NULL;NULL;NULL;NULL;NULL;NULL;0.08141;-0.0045;0.15998;0.42197;0.17534;0.59484;NULL;NULL;NULL;NULL;NULL;NULL
2022.02_01-07-2022;г. Севастополь;75_90_days;SputnikV;0.23737;0.17023;0.29908;0.3721;0.0836;0.56977;-0.15403;-3.86213;0.72609;NULL;NULL;NULL;0.2176;0.07766;0.33631;0.37289;0.04297;0.58907;0.72848;-0.09324;0.93257;0.664;-0.35514;0.91669;0.24236;0.18331;0.29714;0.47727;0.30543;0.60659;0.77057;0.28326;0.92656;0.80334;0.20745;0.9512
2022.02_01-07-2022;г. Севастополь;90_105_days;AllVaccines;0.11838;0.04765;0.18386;0.36115;0.079;0.55687;-0.70444;-4.64514;0.48538;-1.18518;-8.68325;0.50688;0.06178;-0.07817;0.18357;0.2546;-0.06608;0.47881;0.77315;0.0866;0.94366;0.71927;-0.13221;0.93039;0.11448;0.05268;0.17225;0.40473;0.22973;0.53997;0.71619;0.23719;0.8944;0.72597;0.14206;0.91247
2022.02_01-07-2022;г. Севастополь;90_105_days;CoviVac;-0.54523;-1.37087;-0.00712;-3.9692;-12.27743;-0.85977;NULL;NULL;NULL;NULL;NULL;NULL;-0.22573;-1.9461;0.49003;-2.94247;-11.24546;-0.26929;NULL;NULL;NULL;NULL;NULL;NULL;-0.40409;-1.07854;0.05152;-2.43045;-6.64676;-0.53895;NULL;NULL;NULL;NULL;NULL;NULL
2022.02_01-07-2022;г. Севастополь;90_105_days;EpiVacCorona;-0.03686;-0.52349;0.29433;-0.34212;-4.37708;0.66501;-34.87584;-150.15148;-7.51514;-70.75169;-316.95484;-15.19194;-1.16304;-2.43594;-0.36171;-1.57294;-5.86932;0.03629;NULL;NULL;NULL;NULL;NULL;NULL;-0.28028;-0.72694;0.05085;-0.51296;-2.63973;0.3711;-3.43711;-16.84984;-0.10298;-4.73022;-22.09347;-0.42185
2022.02_01-07-2022;г. Севастополь;90_105_days;SputnikLite;0.10159;-0.08397;0.25539;0.72711;-0.09333;0.93189;NULL;NULL;NULL;NULL;NULL;NULL;0.01385;-0.21064;0.19671;0.03612;-0.55709;0.40333;0.45706;-1.18608;0.86516;0.32812;-1.70978;0.83341;0.05565;-0.08489;0.17798;0.14616;-0.35862;0.4634;0.30988;-1.77625;0.82845;0.10876;-2.59181;0.77886
2022.02_01-07-2022;г. Севастополь;90_105_days;SputnikV;0.13557;0.05695;0.20764;0.3223;-0.01021;0.54537;-0.40127;-4.90379;0.66741;NULL;NULL;NULL;0.17388;-0.01308;0.32635;0.53361;0.13039;0.74987;NULL;NULL;NULL;NULL;NULL;NULL;0.15586;0.08559;0.22072;0.54064;0.35487;0.67292;0.80535;0.21696;0.95161;NULL;NULL;NULL
