region;zab_ve_18_59;zab_ve_18_59_R;zab_cil_18_59_R;zab_cih_18_59_R;zab_ve_60;zab_ve_60_R;zab_cil_60_R;zab_cih_60_R;zab_ve_total;zab_ve_total_R;zab_cil_total_R;zab_cih_total_R;st_ve_18_59;st_ve_18_59_R;st_cil_18_59_R;st_cih_18_59_R;st_ve_60;st_ve_60_R;st_cil_60_R;st_cih_60_R;st_ve_total;st_ve_total_R;st_cil_total_R;st_cih_total_R;tyazh_ve_18_59;tyazh_ve_18_59_R;tyazh_cil_18_59_R;tyazh_cih_18_59_R;tyazh_ve_60;tyazh_ve_60_R;tyazh_cil_60_R;tyazh_cih_60_R;tyazh_ve_total;tyazh_ve_total_R;tyazh_cil_total_R;tyazh_cih_total_R;sm_ve_18_59;sm_ve_18_59_R;sm_cil_18_59_R;sm_cih_18_59_R;sm_ve_60;sm_ve_60_R;sm_cil_60_R;sm_cih_60_R;sm_ve_total;sm_ve_total_R;sm_cil_total_R;sm_cih_total_R
Алтайский край;-0.134973;-0.13497;-0.19550;-0.07658;-0.118355;-0.11835;-0.21886;-0.02367;-0.133030;-0.13303;-0.18470;-0.08293;0.022157;0.02216;-0.29711;0.28306;0.042991;0.04299;-0.15554;0.21692;0.062566;0.06257;-0.09825;0.20653;0.015692;0.01569;-1.01980;0.61171;0.395679;0.39568;0.10382;0.61533;0.365304;0.36530;0.09742;0.57341;0.327112;NULL;NULL;NULL;0.456814;0.45681;0.06556;0.71883;0.470774;0.47077;0.10856;0.71748
Амурская область;-0.132107;-0.13211;-0.23341;-0.03674;-0.465495;-0.46550;-0.67282;-0.27686;-0.217159;-0.21716;-0.30832;-0.13052;-0.078367;-0.07837;-0.50166;0.25390;-0.266137;-0.26614;-0.65736;0.05568;-0.143829;-0.14383;-0.41338;0.08772;0.172774;NULL;NULL;NULL;-0.131425;-0.13142;-0.82622;0.35453;-0.003589;-0.00359;-0.55741;0.39626;1.000000;NULL;NULL;NULL;0.409481;NULL;NULL;NULL;0.509787;NULL;NULL;NULL
Архангельская область;0.088358;0.08836;0.01374;0.15902;-0.026352;-0.02635;-0.14873;0.08680;0.054502;0.05450;-0.00875;0.11499;0.182312;0.18231;-0.23736;0.49258;0.163173;0.16317;-0.08131;0.36698;0.193203;0.19320;-0.00615;0.36378;0.131837;NULL;NULL;NULL;0.513708;0.51371;0.08987;0.77855;0.487916;0.48792;0.09710;0.74433;1.000000;NULL;NULL;NULL;0.715565;NULL;NULL;NULL;0.745411;NULL;NULL;NULL
Астраханская область;-0.419418;-0.41942;-0.63620;-0.22318;-0.283067;-0.28307;-0.57736;-0.02855;-0.351432;-0.35143;-0.52054;-0.19565;0.141520;0.14152;-0.67362;0.63296;-0.625671;-0.62567;-1.37966;-0.05411;-0.242435;-0.24243;-0.74060;0.14833;1.000000;NULL;NULL;NULL;-0.332734;-0.33273;-1.89998;0.52544;0.078897;0.07890;-0.99961;0.67158;1.000000;NULL;NULL;NULL;0.239848;NULL;NULL;NULL;0.413376;NULL;NULL;NULL
Белгородская область;-0.514256;-0.51426;-0.75927;-0.29354;-0.217069;-0.21707;-0.50268;0.02931;-0.402013;-0.40201;-0.58574;-0.23330;0.350493;0.35049;-0.40293;0.76777;-0.274135;-0.27413;-0.86123;0.17253;-0.096831;-0.09683;-0.55049;0.25725;-0.285576;NULL;NULL;NULL;0.014669;NULL;NULL;NULL;-0.038514;-0.03851;-1.24991;0.62930;1.000000;NULL;NULL;NULL;1.000000;NULL;NULL;NULL;1.000000;NULL;NULL;NULL
Брянская область;-0.092384;-0.09238;-0.19775;0.00646;-0.158367;-0.15837;-0.32622;-0.00569;-0.111706;-0.11171;-0.20007;-0.02791;-0.048262;-0.04826;-0.68465;0.40013;0.039802;0.03980;-0.28588;0.30404;0.001529;0.00153;-0.28512;0.24107;-1.502725;NULL;NULL;NULL;0.775901;NULL;NULL;NULL;0.495268;0.49527;-0.09273;0.81977;-0.906838;NULL;NULL;NULL;0.876458;NULL;NULL;NULL;0.762336;NULL;NULL;NULL
Владимирская область;-0.188790;-0.18879;-0.27913;-0.10292;-0.300454;-0.30045;-0.43613;-0.17385;-0.225256;-0.22526;-0.29991;-0.15359;-0.079629;-0.07963;-0.65101;0.33916;-0.139906;-0.13991;-0.47084;0.13603;-0.144460;-0.14446;-0.42802;0.09794;1.000000;NULL;NULL;NULL;-0.254328;-0.25433;-0.96491;0.25603;-0.130494;-0.13049;-0.76906;0.32897;1.000000;NULL;NULL;NULL;-0.277649;-0.27765;-1.16518;0.32076;-0.230807;-0.23081;-1.08438;0.34535
Волгоградская область;-0.367898;-0.36790;-0.48628;-0.25613;-0.116333;-0.11633;-0.26644;0.02118;-0.282599;-0.28260;-0.37509;-0.19444;0.078639;0.07864;-0.33626;0.39604;-0.037948;-0.03795;-0.30389;0.18845;-0.035731;-0.03573;-0.26087;0.16039;1.000000;NULL;NULL;NULL;0.190144;0.19014;-0.27990;0.52661;0.268309;0.26831;-0.15558;0.57209;1.000000;NULL;NULL;NULL;0.364592;0.36459;-0.23613;0.72799;0.371933;0.37193;-0.22138;0.73107
Вологодская область;0.266183;0.26618;0.18681;0.34015;0.154857;0.15486;0.01890;0.27746;0.233928;0.23393;0.16593;0.29808;0.416971;0.41697;-0.05551;0.72065;0.139692;0.13969;-0.21646;0.41753;0.228663;0.22866;-0.04588;0.44977;1.000000;NULL;NULL;NULL;0.803566;NULL;NULL;NULL;0.824059;NULL;NULL;NULL;1.000000;NULL;NULL;NULL;0.856351;NULL;NULL;NULL;0.866950;NULL;NULL;NULL
Воронежская область;-0.200022;-0.20002;-0.26597;-0.13647;-0.312910;-0.31291;-0.42359;-0.20827;-0.235207;-0.23521;-0.29174;-0.18039;0.014476;0.01448;-0.34358;0.30120;-0.067899;-0.06790;-0.32291;0.15135;-0.015582;-0.01558;-0.21358;0.15916;0.586499;NULL;NULL;NULL;-0.058718;-0.05872;-0.69995;0.39376;0.070410;0.07041;-0.47116;0.45716;1.000000;NULL;NULL;NULL;-0.249807;-0.24981;-1.07551;0.31670;-0.115097;-0.11510;-0.85074;0.39011
г. Москва;-0.396165;-0.39617;-0.55925;-0.24489;-0.935929;-0.93593;-1.19703;-0.69645;-0.589489;-0.58949;-0.72822;-0.45841;1.000000;NULL;NULL;NULL;-0.235728;-0.23573;-0.94525;0.27562;-0.121641;-0.12164;-0.76533;0.34241;0.597301;NULL;NULL;NULL;0.205382;0.20538;-0.39445;0.60202;0.164308;0.16431;-0.43187;0.56624;1.000000;NULL;NULL;NULL;0.229830;0.22983;-0.65685;0.72401;0.128273;0.12827;-0.87523;0.68760
г. Санкт-Петербург;0.265732;0.26573;0.21106;0.31781;-0.480872;-0.48087;-0.62312;-0.34725;0.081853;0.08185;0.02825;0.13344;0.414688;0.41469;0.10976;0.64029;-0.358201;-0.35820;-0.70345;-0.06342;-0.015079;-0.01508;-0.24174;0.18201;-0.322943;NULL;NULL;NULL;-0.254156;-0.25416;-0.89042;0.21946;-0.175224;-0.17522;-0.71310;0.23553;-1.645885;NULL;NULL;NULL;0.319172;0.31917;-0.26944;0.68922;0.214412;0.21441;-0.34783;0.59262
г. Севастополь;-0.136679;-0.13668;-0.37247;0.07010;-0.521335;-0.52133;-0.91715;-0.18514;-0.266743;-0.26674;-0.46802;-0.08502;0.405024;NULL;NULL;NULL;-0.294508;-0.29451;-1.14295;0.29071;-0.047119;-0.04712;-0.63248;0.37677;-7.270167;NULL;NULL;NULL;1.000000;NULL;NULL;NULL;0.215567;NULL;NULL;NULL;-14.036667;NULL;NULL;NULL;1.000000;NULL;NULL;NULL;0.012195;NULL;NULL;NULL
Еврейская автономная область;-0.359862;-0.35986;-0.63224;-0.12164;-0.477483;-0.47748;-1.11404;0.01168;-0.371221;-0.37122;-0.61519;-0.15462;0.658608;NULL;NULL;NULL;0.365763;NULL;NULL;NULL;0.610108;0.61011;0.26818;0.82277;1.000000;NULL;NULL;NULL;-0.805813;NULL;NULL;NULL;0.098376;NULL;NULL;NULL;1.000000;NULL;NULL;NULL;1.000000;NULL;NULL;NULL;1.000000;NULL;NULL;NULL
Забайкальский край;-0.047622;-0.04762;-0.14715;0.04580;0.082459;0.08246;-0.07904;0.22654;-0.014574;-0.01457;-0.09858;0.06491;0.165945;0.16594;-0.18171;0.43619;0.213675;0.21367;-0.07689;0.44545;0.178512;0.17851;-0.04121;0.36421;-0.671846;NULL;NULL;NULL;0.591592;NULL;NULL;NULL;0.322723;0.32272;-0.27216;0.69228;-0.893119;NULL;NULL;NULL;0.597001;NULL;NULL;NULL;0.433083;NULL;NULL;NULL
Ивановская область;-0.021675;-0.02167;-0.22275;0.15589;-0.146038;-0.14604;-0.35061;0.03648;-0.139232;-0.13923;-0.28724;-0.00314;-0.314990;-0.31499;-1.84288;0.53006;0.002224;0.00222;-0.47934;0.36477;-0.329720;-0.32972;-0.90128;0.11274;-1.846223;NULL;NULL;NULL;0.326623;NULL;NULL;NULL;-0.112323;NULL;NULL;NULL;1.000000;NULL;NULL;NULL;0.370006;NULL;NULL;NULL;0.178759;NULL;NULL;NULL
Иркутская область;-0.225518;-0.22552;-0.29647;-0.15727;-0.237315;-0.23731;-0.36851;-0.11497;-0.230652;-0.23065;-0.29281;-0.17057;-0.006415;-0.00642;-0.31617;0.24951;-0.022245;-0.02224;-0.25094;0.17623;0.039512;0.03951;-0.13052;0.19126;0.543005;NULL;NULL;NULL;0.318503;0.31850;-0.14798;0.63620;0.411636;0.41164;0.04377;0.66947;0.479239;NULL;NULL;NULL;0.418507;0.41851;-0.08754;0.73508;0.475123;0.47512;0.04962;0.74854
Кабардино-Балкарская Республика;-0.700202;-0.70020;-1.07737;-0.37233;-0.252200;-0.25220;-0.69630;0.10607;-0.480166;-0.48017;-0.75253;-0.23792;0.460807;NULL;NULL;NULL;0.227379;0.22738;-0.56996;0.69345;0.376638;0.37664;-0.16292;0.71555;1.000000;NULL;NULL;NULL;0.412041;NULL;NULL;NULL;0.573459;NULL;NULL;NULL;1.000000;NULL;NULL;NULL;0.096926;NULL;NULL;NULL;0.297768;NULL;NULL;NULL
Калининградская область;-0.064214;-0.06421;-0.15106;0.01798;-0.159237;-0.15924;-0.32050;-0.01204;-0.070480;-0.07048;-0.14516;0.00077;0.131245;0.13125;-0.24791;0.42238;0.047954;0.04795;-0.24244;0.28815;0.225014;0.22501;0.03691;0.38627;1.000000;NULL;NULL;NULL;0.507411;0.50741;-0.06665;0.82412;0.675000;0.67500;0.29681;0.88391;1.000000;NULL;NULL;NULL;0.308202;0.30820;-0.50253;0.75341;0.521993;0.52199;-0.03749;0.82955
Калужская область;-0.108864;-0.10886;-0.24026;0.01259;-0.467841;-0.46784;-0.70888;-0.25132;-0.204976;-0.20498;-0.31934;-0.09764;0.182617;0.18262;-0.35763;0.55317;-0.164920;-0.16492;-0.55082;0.14941;0.087307;0.08731;-0.17516;0.30649;-0.542106;NULL;NULL;NULL;0.030875;0.03087;-0.76316;0.53713;0.154558;0.15456;-0.46116;0.56373;1.000000;NULL;NULL;NULL;0.453477;NULL;NULL;NULL;0.587826;NULL;NULL;NULL
Камчатский край;0.135088;0.13509;-0.01175;0.26668;-0.034304;-0.03430;-0.34273;0.22191;0.100985;0.10099;-0.02945;0.21968;0.534865;NULL;NULL;NULL;0.018285;0.01829;-0.65836;0.47694;0.290801;0.29080;-0.12140;0.58560;1.000000;NULL;NULL;NULL;0.662460;NULL;NULL;NULL;0.760317;NULL;NULL;NULL;1.000000;NULL;NULL;NULL;1.000000;NULL;NULL;NULL;1.000000;NULL;NULL;NULL
Карачаево-Черкесская Республика;-0.862965;-0.86297;-1.25812;-0.51785;-0.455701;-0.45570;-1.12270;0.05334;-0.645111;-0.64511;-0.95530;-0.37015;-1.413686;-1.41369;NULL;NULL;-1.173301;-1.17330;NULL;NULL;-0.659659;-0.65966;-1.74875;0.09094;-2.270719;NULL;NULL;NULL;-1.529579;NULL;NULL;NULL;-0.806695;NULL;NULL;NULL;1.000000;NULL;NULL;NULL;1.000000;NULL;NULL;NULL;1.000000;NULL;NULL;NULL
Кемеровская область;-0.213266;-0.21327;-0.33069;-0.10309;-0.164015;-0.16401;-0.30168;-0.03661;-0.201894;-0.20189;-0.29103;-0.11704;-0.119532;-0.11953;-0.58401;0.24241;0.064149;0.06415;-0.16474;0.26043;-0.016446;-0.01645;-0.22566;0.16711;0.101999;NULL;NULL;NULL;0.397098;0.39710;-0.09162;0.71115;0.328757;0.32876;-0.15433;0.65246;-0.441236;NULL;NULL;NULL;0.584599;0.58460;0.15498;0.83529;0.469101;0.46910;0.00790;0.75800
Кировская область;-0.110341;-0.11034;-0.18416;-0.03974;-0.309971;-0.30997;-0.45010;-0.17942;-0.167912;-0.16791;-0.23340;-0.10485;-0.325468;-0.32547;-0.70497;-0.00870;-0.186477;-0.18648;-0.45632;0.04698;-0.167663;-0.16766;-0.37095;0.01392;0.104835;NULL;NULL;NULL;0.598874;NULL;NULL;NULL;0.593044;0.59304;0.12007;0.85458;-0.595728;NULL;NULL;NULL;0.667770;NULL;NULL;NULL;0.628261;NULL;NULL;NULL
Костромская область;0.248440;0.24844;0.12894;0.35625;0.176227;0.17623;-0.02277;0.34711;0.227631;0.22763;0.12669;0.32033;-0.572915;-0.57292;-1.58323;0.12283;-0.027301;-0.02730;-0.51484;0.34032;-0.083336;-0.08334;-0.47878;0.23262;-0.679649;NULL;NULL;NULL;-0.024348;NULL;NULL;NULL;-0.016679;NULL;NULL;NULL;-1.399498;NULL;NULL;NULL;0.189894;NULL;NULL;NULL;0.073157;NULL;NULL;NULL
Краснодарский край;0.039513;0.03951;-0.04849;0.12240;-0.124429;-0.12443;-0.26962;0.00910;-0.007626;-0.00763;-0.08220;0.06340;-0.041128;-0.04113;-0.46288;0.28974;-0.190811;-0.19081;-0.47195;0.05153;-0.200258;-0.20026;-0.43963;0.01065;-0.377154;-0.37715;-1.98681;0.50872;-0.280985;-0.28098;-0.81154;0.13281;-0.383247;-0.38325;-0.90757;0.03354;0.189152;NULL;NULL;NULL;0.042022;0.04202;-0.53335;0.45022;-0.020985;-0.02098;-0.61163;0.40268
Красноярский край;-0.068900;-0.06890;-0.12698;-0.01290;-0.179390;-0.17939;-0.27308;-0.09057;-0.099680;-0.09968;-0.14870;-0.05211;0.203927;0.20393;-0.06886;0.42500;-0.129268;-0.12927;-0.31059;0.03399;-0.128181;-0.12818;-0.28966;0.01885;-0.671463;-0.67146;NULL;NULL;0.069002;0.06900;-0.26544;0.33717;-0.120385;-0.12038;-0.48308;0.17620;0.413741;NULL;NULL;NULL;0.369531;0.36953;0.02688;0.61923;0.295949;0.29595;-0.07495;0.56855
Курганская область;0.133136;0.13314;-0.00684;0.25937;0.034372;0.03437;-0.17716;0.21860;0.104036;0.10404;-0.01055;0.20952;0.451270;NULL;NULL;NULL;-0.120990;-0.12099;-0.67766;0.29481;0.001217;0.00122;-0.44731;0.34486;1.000000;NULL;NULL;NULL;-0.542352;-0.54235;-1.80495;0.26316;-0.430564;-0.43056;-1.59850;0.31603;1.000000;NULL;NULL;NULL;-0.658311;NULL;NULL;NULL;-0.608418;NULL;NULL;NULL
Курская область;-0.066270;-0.06627;-0.23193;0.08344;-0.272858;-0.27286;-0.51066;-0.06213;-0.138706;-0.13871;-0.27262;-0.01479;-0.338225;-0.33822;-0.99487;0.15150;-0.055960;-0.05596;-0.42427;0.24118;-0.110616;-0.11062;-0.41601;0.14624;-1.282942;-1.28294;NULL;NULL;-0.438016;-0.43802;-1.25613;0.14803;-0.511988;-0.51199;-1.25588;0.04196;1.000000;NULL;NULL;NULL;0.211619;0.21162;-0.53865;0.66316;0.306076;0.30608;-0.35336;0.70339
Ленинградская область;-0.168420;-0.16842;-0.28620;-0.05813;-0.357579;-0.35758;-0.54841;-0.18333;-0.222466;-0.22247;-0.32156;-0.12851;-0.438130;-0.43813;-1.53507;0.28186;-0.978445;-0.97845;-1.57448;-0.48417;-1.026242;-1.02624;-1.58032;-0.55921;-1.345750;NULL;NULL;NULL;0.122342;0.12234;-0.89708;0.68632;-0.178625;-0.17863;-1.29175;0.49529;-0.919250;NULL;NULL;NULL;0.442298;NULL;NULL;NULL;0.246291;NULL;NULL;NULL
Липецкая область;0.119714;0.11971;0.02472;0.20814;-0.201385;-0.20139;-0.41505;-0.01082;0.046588;0.04659;-0.04035;0.12841;0.078342;0.07834;-0.41295;0.43689;-0.033206;-0.03321;-0.46183;0.30081;0.242705;0.24271;0.00425;0.43890;1.000000;NULL;NULL;NULL;0.819730;NULL;NULL;NULL;0.903138;NULL;NULL;NULL;1.000000;NULL;NULL;NULL;0.787211;NULL;NULL;NULL;0.881300;NULL;NULL;NULL
Магаданская область;0.269343;0.26934;0.07222;0.43570;-0.630966;-0.63097;-1.49193;0.00104;0.158745;0.15874;-0.03842;0.32866;0.787618;NULL;NULL;NULL;0.356565;NULL;NULL;NULL;0.723923;NULL;NULL;NULL;1.000000;NULL;NULL;NULL;-0.836145;NULL;NULL;NULL;0.314502;NULL;NULL;NULL;1.000000;NULL;NULL;NULL;-2.962207;NULL;NULL;NULL;-0.460409;NULL;NULL;NULL
Московская область;0.070767;0.07077;-0.00539;0.14296;-0.110304;-0.11030;-0.20718;-0.01882;-0.013157;-0.01316;-0.07315;0.04454;-0.747093;-0.74709;-1.49778;-0.16586;-0.023686;-0.02369;-0.27002;0.18815;-0.524268;-0.52427;-0.83714;-0.24952;-0.575387;-0.57539;NULL;NULL;0.103536;0.10354;-0.29861;0.41182;-0.356910;-0.35691;-0.90648;0.07427;-2.110118;NULL;NULL;NULL;0.237626;0.23763;-0.31027;0.60512;-0.275733;-0.27573;-1.10748;0.29999
Мурманская область;-0.086136;-0.08614;-0.22036;0.03768;-0.065581;-0.06558;-0.31267;0.14787;-0.083872;-0.08387;-0.20064;0.02493;-0.325769;-0.32577;-1.07347;0.21274;0.277514;0.27751;-0.17405;0.59409;0.067725;0.06773;-0.30435;0.36027;0.021625;NULL;NULL;NULL;0.768278;NULL;NULL;NULL;0.643970;NULL;NULL;NULL;-1.242110;NULL;NULL;NULL;0.690633;NULL;NULL;NULL;0.486654;NULL;NULL;NULL
Ненецкий автономный округ;0.458758;0.45876;0.28193;0.60322;0.452114;0.45211;-0.11791;0.78315;0.452140;0.45214;0.28525;0.59026;0.017653;NULL;NULL;NULL;-0.002174;NULL;NULL;NULL;0.147730;NULL;NULL;NULL;1.000000;NULL;NULL;NULL;1.000000;NULL;NULL;NULL;1.000000;NULL;NULL;NULL;NULL;NULL;NULL;NULL;1.000000;NULL;NULL;NULL;1.000000;NULL;NULL;NULL
Нижегородская область;-0.275290;-0.27529;-0.35031;-0.20316;-0.139501;-0.13950;-0.23852;-0.04602;-0.225688;-0.22569;-0.28502;-0.16825;-0.147396;-0.14740;-0.53012;0.16442;-0.186117;-0.18612;-0.40056;0.00476;-0.267700;-0.26770;-0.46568;-0.08876;0.634402;NULL;NULL;NULL;0.353682;0.35368;-0.05052;0.63694;0.319430;0.31943;-0.08919;0.60939;0.178656;NULL;NULL;NULL;0.370629;0.37063;-0.08265;0.67420;0.282728;0.28273;-0.20806;0.61706
Новгородская область;-0.090981;-0.09098;-0.25611;0.05871;-0.016176;-0.01618;-0.27073;0.20124;-0.069298;-0.06930;-0.20573;0.05623;-0.093551;-0.09355;-0.78284;0.38702;0.193700;0.19370;-0.21814;0.49904;0.097459;0.09746;-0.24517;0.36961;1.000000;NULL;NULL;NULL;1.000000;NULL;NULL;NULL;1.000000;NULL;NULL;NULL;1.000000;NULL;NULL;NULL;0.501180;NULL;NULL;NULL;0.545333;NULL;NULL;NULL
Новосибирская область;-0.121806;-0.12181;-0.19096;-0.05543;-0.170387;-0.17039;-0.28198;-0.06561;-0.133322;-0.13332;-0.19161;-0.07701;0.214042;0.21404;-0.11102;0.46776;0.251378;0.25138;0.06445;0.41123;0.199319;0.19932;0.03219;0.34574;0.400425;NULL;NULL;NULL;0.462057;0.46206;0.11122;0.70485;0.412603;0.41260;0.06012;0.66281;1.000000;NULL;NULL;NULL;0.699532;0.69953;0.35186;0.89249;0.700396;0.70040;0.35393;0.89278
Омская область;-0.096960;-0.09696;-0.21286;0.01116;-0.144501;-0.14450;-0.33424;0.02606;-0.099777;-0.09978;-0.19669;-0.00834;-0.210277;-0.21028;-0.81512;0.23985;-0.055438;-0.05544;-0.41609;0.23722;0.033008;0.03301;-0.23107;0.25571;0.459538;NULL;NULL;NULL;0.335118;0.33512;-0.29178;0.71515;0.458041;0.45804;-0.01315;0.75302;1.000000;NULL;NULL;NULL;0.411241;0.41124;-0.27188;0.78951;0.561618;0.56162;0.05334;0.84324
Оренбургская область;-0.319127;-0.31913;-0.42123;-0.22217;-0.132961;-0.13296;-0.28796;0.00878;-0.267584;-0.26758;-0.35229;-0.18659;-1.131403;-1.13140;-1.93172;-0.49794;-0.157880;-0.15788;-0.51906;0.13965;-0.410719;-0.41072;-0.73867;-0.12804;-0.889317;NULL;NULL;NULL;-0.090132;-0.09013;-0.75114;0.37596;-0.168868;-0.16887;-0.78844;0.28482;1.000000;NULL;NULL;NULL;0.268440;0.26844;-0.49486;0.71070;0.343480;0.34348;-0.34066;0.74028
Орловская область;-0.198159;-0.19816;-0.32294;-0.08187;-0.425211;-0.42521;-0.68421;-0.19501;-0.243413;-0.24341;-0.35442;-0.13890;0.273582;0.27358;-0.12553;0.56250;0.190740;0.19074;-0.15859;0.46055;0.403187;0.40319;0.20857;0.56232;-0.467333;-0.46733;-1.92785;0.38138;0.415484;0.41548;-0.09423;0.73386;0.434012;0.43401;0.09166;0.67579;1.000000;NULL;NULL;NULL;0.552574;NULL;NULL;NULL;0.745488;NULL;NULL;NULL
Пензенская область;-0.347286;-0.34729;-0.45477;-0.24539;-0.050393;-0.05039;-0.15618;0.04849;-0.212574;-0.21257;-0.28775;-0.14048;-0.122996;-0.12300;-0.75741;0.33344;-0.259473;-0.25947;-0.53661;-0.01930;-0.521317;-0.52132;-0.82716;-0.25300;0.253302;NULL;NULL;NULL;-0.355720;-0.35572;-1.08868;0.17469;-0.681715;-0.68171;-1.56128;-0.03862;-0.493396;NULL;NULL;NULL;-0.351357;-0.35136;-1.18950;0.23112;-0.789433;-0.78943;-1.85683;-0.03842
Пермский край;-0.165770;-0.16577;-0.24559;-0.08949;-0.363617;-0.36362;-0.52232;-0.21648;-0.215736;-0.21574;-0.28697;-0.14722;-0.197622;-0.19762;-0.72484;0.20793;-0.347247;-0.34725;-0.72415;-0.03040;-0.147518;-0.14752;-0.41137;0.08078;0.397763;NULL;NULL;NULL;-0.004648;-0.00465;-0.81839;0.51856;0.205109;0.20511;-0.39934;0.60272;1.000000;NULL;NULL;NULL;0.523942;NULL;NULL;NULL;0.641394;NULL;NULL;NULL
Приморский край;-0.213033;-0.21303;-0.35367;-0.08263;-0.476306;-0.47631;-0.72120;-0.25620;-0.290421;-0.29042;-0.41159;-0.17650;-0.263024;-0.26302;-0.90818;0.21529;-0.131016;-0.13102;-0.52778;0.18944;-0.144580;-0.14458;-0.46500;0.12471;-0.926921;NULL;NULL;NULL;-0.412233;-0.41223;-1.33796;0.22624;-0.436257;-0.43626;-1.27135;0.16085;1.000000;NULL;NULL;NULL;0.306255;NULL;NULL;NULL;0.391090;NULL;NULL;NULL
Псковская область;-0.347733;-0.34773;-0.45192;-0.24893;-0.741505;-0.74150;-0.99229;-0.51365;-0.461416;-0.46142;-0.56013;-0.36718;-0.203416;-0.20342;-0.80215;0.23959;-0.363240;-0.36324;-0.88794;0.05072;-0.100155;-0.10015;-0.42289;0.16780;0.382663;NULL;NULL;NULL;0.275346;NULL;NULL;NULL;0.453226;0.45323;-0.19009;0.80533;1.000000;NULL;NULL;NULL;0.279120;NULL;NULL;NULL;0.535884;NULL;NULL;NULL
Республика Адыгея;-0.067925;-0.06793;-0.33191;0.15829;-0.223786;-0.22379;-0.60706;0.09230;-0.129202;-0.12920;-0.34317;0.06049;0.414986;NULL;NULL;NULL;-0.943547;-0.94355;-1.94128;-0.20600;-0.693463;-0.69346;-1.51407;-0.07707;1.000000;NULL;NULL;NULL;1.000000;NULL;NULL;NULL;1.000000;NULL;NULL;NULL;1.000000;NULL;NULL;NULL;1.000000;NULL;NULL;NULL;1.000000;NULL;NULL;NULL
Республика Алтай;0.234513;0.23451;-0.06913;0.47400;0.236634;0.23663;-0.26077;0.58106;0.229683;0.22968;-0.02230;0.43610;-0.117847;NULL;NULL;NULL;0.314384;NULL;NULL;NULL;0.087284;0.08728;-0.77335;0.60897;1.000000;NULL;NULL;NULL;1.000000;NULL;NULL;NULL;1.000000;NULL;NULL;NULL;1.000000;NULL;NULL;NULL;1.000000;NULL;NULL;NULL;1.000000;NULL;NULL;NULL
Республика Башкортостан;-0.080161;-0.08016;-0.16624;0.00149;-0.028404;-0.02840;-0.14675;0.08133;-0.063862;-0.06386;-0.13298;0.00233;0.038511;0.03851;-0.50193;0.42855;-0.114052;-0.11405;-0.46941;0.17754;-0.102508;-0.10251;-0.39950;0.14829;-0.243688;-0.24369;-1.71320;0.55778;0.091212;0.09121;-0.45817;0.47935;-0.013246;-0.01325;-0.53276;0.37107;0.049823;NULL;NULL;NULL;0.503642;NULL;NULL;NULL;0.425492;0.42549;-0.24355;0.79483
Республика Бурятия;-0.024825;-0.02483;-0.17522;0.11203;-0.143890;-0.14389;-0.34321;0.03433;-0.101299;-0.10130;-0.22307;0.01201;0.053326;0.05333;-0.71340;0.54633;-0.271193;-0.27119;-0.76262;0.11750;-0.409802;-0.40980;-0.88558;-0.02289;1.000000;NULL;NULL;NULL;-0.544803;-0.54480;-1.90711;0.29894;-0.773486;-0.77349;NULL;NULL;1.000000;NULL;NULL;NULL;0.177339;NULL;NULL;NULL;-0.026804;NULL;NULL;NULL
Республика Дагестан;-0.966850;-0.96685;-1.23412;-0.72260;-0.142003;-0.14200;-0.39731;0.07962;-0.529026;-0.52903;-0.70374;-0.36702;-0.372474;-0.37247;-1.20764;0.21509;0.084504;0.08450;-0.42800;0.45531;0.049450;0.04945;-0.32390;0.34386;-0.271084;NULL;NULL;NULL;0.732147;NULL;NULL;NULL;0.630813;NULL;NULL;NULL;1.000000;NULL;NULL;NULL;0.484553;NULL;NULL;NULL;0.613371;NULL;NULL;NULL
Республика Ингушетия;-0.640859;-0.64086;-1.82316;0.15071;0.459976;NULL;NULL;NULL;-0.189056;-0.18906;-0.96313;0.34728;-1.392441;NULL;NULL;NULL;-0.338521;NULL;NULL;NULL;-0.530564;NULL;NULL;NULL;NULL;NULL;NULL;NULL;1.000000;NULL;NULL;NULL;1.000000;NULL;NULL;NULL;1.000000;NULL;NULL;NULL;1.000000;NULL;NULL;NULL;1.000000;NULL;NULL;NULL
Республика Калмыкия;-0.412975;-0.41297;-1.05966;0.08087;-0.268193;-0.26819;-0.95377;0.23302;-0.418807;-0.41881;-0.89511;-0.03054;-0.486932;NULL;NULL;NULL;-2.041200;-2.04120;NULL;NULL;-2.565086;-2.56509;NULL;NULL;1.000000;NULL;NULL;NULL;-2.071016;NULL;NULL;NULL;-2.832468;NULL;NULL;NULL;1.000000;NULL;NULL;NULL;1.000000;NULL;NULL;NULL;1.000000;NULL;NULL;NULL
Республика Карелия;0.049781;0.04978;-0.08514;0.17291;-0.210304;-0.21030;-0.42795;-0.01640;-0.027994;-0.02799;-0.14085;0.07707;0.199836;0.19984;-0.62935;0.68292;0.242578;0.24258;-0.14333;0.52911;0.100956;0.10096;-0.29366;0.40499;1.000000;NULL;NULL;NULL;0.734191;NULL;NULL;NULL;0.694290;NULL;NULL;NULL;1.000000;NULL;NULL;NULL;0.798515;NULL;NULL;NULL;0.759656;NULL;NULL;NULL
Республика Коми;0.139335;0.13933;-0.01228;0.27492;-0.092280;-0.09228;-0.38126;0.15298;0.080394;0.08039;-0.05211;0.20121;-0.092329;-0.09233;-0.97458;0.47612;-0.401819;-0.40182;-1.07709;0.10712;-0.367306;-0.36731;-0.91018;0.06066;-0.928091;NULL;NULL;NULL;0.324710;NULL;NULL;NULL;0.061860;NULL;NULL;NULL;1.000000;NULL;NULL;NULL;0.494184;NULL;NULL;NULL;0.485785;NULL;NULL;NULL
Республика Крым;-0.391553;-0.39155;-0.54849;-0.24591;-0.798127;-0.79813;-1.08645;-0.53843;-0.512691;-0.51269;-0.65060;-0.38292;-0.290504;-0.29050;-0.90547;0.17213;-0.925041;-0.92504;-1.41844;-0.50579;-0.540644;-0.54064;-0.88009;-0.24593;0.272519;NULL;NULL;NULL;-1.007709;-1.00771;NULL;NULL;-0.555256;-0.55526;-1.43832;0.07809;1.000000;NULL;NULL;NULL;0.383124;NULL;NULL;NULL;0.520174;NULL;NULL;NULL
Республика Марий Эл;0.175954;0.17595;-0.02015;0.34452;-0.219553;-0.21955;-0.48437;0.01096;0.080450;0.08045;-0.06404;0.21090;0.356521;0.35652;-0.40081;0.77092;0.462480;0.46248;0.02639;0.74254;0.524178;0.52418;0.22623;0.73280;-0.103815;NULL;NULL;NULL;0.751707;NULL;NULL;NULL;0.679120;NULL;NULL;NULL;1.000000;NULL;NULL;NULL;1.000000;NULL;NULL;NULL;1.000000;NULL;NULL;NULL
Республика Мордовия;-0.810567;-0.81057;-1.15265;-0.50799;0.219854;0.21985;-0.07585;0.45492;-0.418238;-0.41824;-0.65340;-0.20710;-1.320740;-1.32074;NULL;NULL;0.249365;0.24937;-0.29274;0.61173;-0.202860;-0.20286;-0.76013;0.21984;-1.877298;NULL;NULL;NULL;-0.106760;NULL;NULL;NULL;-0.335589;NULL;NULL;NULL;-3.891406;NULL;NULL;NULL;-0.388875;NULL;NULL;NULL;-0.729111;NULL;NULL;NULL
Республика Саха (Якутия);-0.231425;-0.23143;-0.30950;-0.15669;-0.412823;-0.41282;-0.59171;-0.24840;-0.246232;-0.24623;-0.31639;-0.17874;0.246371;0.24637;-0.00788;0.45245;0.006941;0.00694;-0.28478;0.24958;0.258193;0.25819;0.09835;0.39738;0.343885;NULL;NULL;NULL;0.318187;0.31819;-0.23944;0.67419;0.482355;0.48235;0.12509;0.72430;1.000000;NULL;NULL;NULL;0.723095;NULL;NULL;NULL;0.824055;NULL;NULL;NULL
Республика Северная Осетия - Алания;-0.329775;-0.32977;-0.77861;0.03520;-0.012164;-0.01216;-0.64198;0.43065;-0.119874;-0.11987;-0.44188;0.14967;1.000000;NULL;NULL;NULL;0.666762;NULL;NULL;NULL;0.844011;NULL;NULL;NULL;1.000000;NULL;NULL;NULL;1.000000;NULL;NULL;NULL;1.000000;NULL;NULL;NULL;1.000000;NULL;NULL;NULL;1.000000;NULL;NULL;NULL;1.000000;NULL;NULL;NULL
Республика Татарстан;-0.064538;-0.06454;-0.15594;0.02180;-0.191821;-0.19182;-0.32156;-0.07108;-0.109010;-0.10901;-0.18311;-0.03815;0.282534;0.28253;-0.02073;0.51793;0.158069;0.15807;-0.06819;0.34931;0.210787;0.21079;0.03634;0.36243;0.555385;NULL;NULL;NULL;0.510505;0.51050;0.08437;0.77701;0.526360;0.52636;0.14231;0.77310;1.000000;NULL;NULL;NULL;0.680481;NULL;NULL;NULL;0.710785;NULL;NULL;NULL
Республика Тыва;0.196620;0.19662;-0.34874;0.57014;0.526169;NULL;NULL;NULL;0.273069;0.27307;-0.17787;0.59076;-0.072033;NULL;NULL;NULL;-0.274130;NULL;NULL;NULL;-0.141264;NULL;NULL;NULL;-5.765397;NULL;NULL;NULL;1.000000;NULL;NULL;NULL;-0.629063;NULL;NULL;NULL;1.000000;NULL;NULL;NULL;1.000000;NULL;NULL;NULL;1.000000;NULL;NULL;NULL
Республика Хакасия;0.015818;0.01582;-0.19221;0.19790;-0.113616;-0.11362;-0.45769;0.17098;-0.023836;-0.02384;-0.19880;0.13306;-0.508698;-0.50870;-1.73591;0.27791;0.234575;0.23458;-0.34628;0.61722;-0.002888;-0.00289;-0.52772;0.38438;-0.297524;NULL;NULL;NULL;0.150576;NULL;NULL;NULL;0.064764;NULL;NULL;NULL;1.000000;NULL;NULL;NULL;-0.091893;NULL;NULL;NULL;-0.006087;NULL;NULL;NULL
Ростовская область;-0.267986;-0.26799;-0.38652;-0.15647;-0.493418;-0.49342;-0.69118;-0.31185;-0.333963;-0.33396;-0.43486;-0.23795;0.155686;0.15569;-0.41933;0.54865;-0.326175;-0.32617;-0.73101;0.00947;-0.122451;-0.12245;-0.42722;0.13515;0.291379;NULL;NULL;NULL;-0.412436;-0.41244;-1.20032;0.15887;-0.188095;-0.18809;-0.80961;0.27061;1.000000;NULL;NULL;NULL;0.020176;0.02018;-0.99256;0.61142;0.186207;0.18621;-0.65443;0.67721
Рязанская область;-0.217562;-0.21756;-0.33940;-0.10356;-0.729854;-0.72985;-1.00284;-0.48344;-0.347244;-0.34724;-0.45989;-0.24070;-0.428190;-0.42819;-1.42559;0.24185;-1.123009;-1.12301;-1.96340;-0.46290;-0.473035;-0.47303;-0.96242;-0.07493;1.000000;NULL;NULL;NULL;-0.926365;-0.92636;NULL;NULL;-0.130867;-0.13087;-1.21227;0.51752;1.000000;NULL;NULL;NULL;-0.307961;-0.30796;-1.84181;0.53387;0.192238;0.19224;-0.75381;0.71202
Самарская область;-0.238093;-0.23809;-0.32193;-0.15794;-0.243604;-0.24360;-0.36326;-0.13130;-0.238174;-0.23817;-0.30625;-0.17255;-0.110503;-0.11050;-0.56170;0.24292;-0.016903;-0.01690;-0.25877;0.19134;-0.090769;-0.09077;-0.30964;0.10189;0.533234;NULL;NULL;NULL;0.234363;0.23436;-0.24433;0.56988;0.216202;0.21620;-0.25435;0.55013;1.000000;NULL;NULL;NULL;0.425643;0.42564;-0.07337;0.73820;0.434516;0.43452;-0.05641;0.74219
Саратовская область;-0.248331;-0.24833;-0.33987;-0.16116;-0.388701;-0.38870;-0.54260;-0.24563;-0.290246;-0.29025;-0.36854;-0.21507;0.008131;0.00813;-0.36874;0.30736;-0.245269;-0.24527;-0.57780;0.03595;-0.116473;-0.11647;-0.35419;0.09110;0.014549;NULL;NULL;NULL;-0.022003;-0.02200;-0.61639;0.40292;0.025876;0.02588;-0.47262;0.39506;1.000000;NULL;NULL;NULL;0.490215;0.49022;-0.10164;0.81777;0.566406;0.56641;0.06352;0.84496
Сахалинская область;0.143076;0.14308;-0.00227;0.27337;-0.093075;-0.09307;-0.39484;0.16086;0.091372;0.09137;-0.03774;0.20909;0.275295;0.27530;-0.41339;0.69023;0.035422;0.03542;-0.48874;0.41742;0.210175;0.21017;-0.14587;0.48239;1.000000;NULL;NULL;NULL;0.692115;NULL;NULL;NULL;0.774093;NULL;NULL;NULL;1.000000;NULL;NULL;NULL;0.284491;NULL;NULL;NULL;0.454302;NULL;NULL;NULL
Свердловская область;-0.122750;-0.12275;-0.17330;-0.07370;-0.225036;-0.22504;-0.31093;-0.14306;-0.153181;-0.15318;-0.19666;-0.11079;0.523918;0.52392;0.34983;0.66349;0.150888;0.15089;-0.01482;0.29722;0.297001;0.29700;0.17823;0.40359;0.737378;NULL;NULL;NULL;0.539804;0.53980;0.16738;0.77941;0.584320;0.58432;0.26859;0.79218;0.653104;NULL;NULL;NULL;0.527925;0.52793;0.18881;0.75545;0.556174;0.55617;0.25333;0.76287
Смоленская область;-0.055312;-0.05531;-0.22017;0.09382;-0.127217;-0.12722;-0.39129;0.10072;-0.076738;-0.07674;-0.21451;0.05008;0.417540;NULL;NULL;NULL;0.449313;0.44931;-0.02790;0.74880;0.435007;0.43501;0.05034;0.69794;-2.242732;NULL;NULL;NULL;-0.481668;NULL;NULL;NULL;-0.827495;-0.82750;NULL;NULL;-7.029622;NULL;NULL;NULL;-1.185265;-1.18526;NULL;NULL;-1.792007;-1.79201;NULL;NULL
Ставропольский край;-0.539018;-0.53902;-0.70251;-0.38653;-0.329941;-0.32994;-0.52325;-0.15398;-0.459089;-0.45909;-0.58286;-0.34205;0.030671;0.03067;-0.60205;0.46829;0.038360;0.03836;-0.30346;0.31382;0.033355;0.03336;-0.25909;0.27608;-0.234445;NULL;NULL;NULL;0.616383;NULL;NULL;NULL;0.534537;NULL;NULL;NULL;-1.287354;NULL;NULL;NULL;0.657495;NULL;NULL;NULL;0.519902;NULL;NULL;NULL
Тамбовская область;-0.170739;-0.17074;-0.33060;-0.02439;-0.085288;-0.08529;-0.27999;0.08829;-0.131521;-0.13152;-0.25277;-0.01847;0.445031;NULL;NULL;NULL;0.466977;0.46698;0.10356;0.71515;0.396940;0.39694;0.03602;0.65358;1.000000;NULL;NULL;NULL;0.785461;NULL;NULL;NULL;0.779818;NULL;NULL;NULL;1.000000;NULL;NULL;NULL;0.780992;NULL;NULL;NULL;0.761702;NULL;NULL;NULL
Тверская область;-0.294130;-0.29413;-0.39571;-0.19772;-0.363147;-0.36315;-0.52551;-0.21307;-0.307074;-0.30707;-0.39202;-0.22574;-0.174890;-0.17489;-0.76157;0.26192;0.002453;0.00245;-0.29509;0.24959;-0.101091;-0.10109;-0.37526;0.13322;0.100777;NULL;NULL;NULL;0.581458;NULL;NULL;NULL;0.494475;0.49447;-0.09316;0.81936;1.000000;NULL;NULL;NULL;0.675079;NULL;NULL;NULL;0.675910;NULL;NULL;NULL
Томская область;-0.049670;-0.04967;-0.17649;0.06759;-0.206983;-0.20698;-0.44422;0.00242;-0.089551;-0.08955;-0.20033;0.01412;-0.028856;-0.02886;-0.60370;0.38755;-0.271082;-0.27108;-0.76866;0.12195;-0.151466;-0.15147;-0.50778;0.14306;0.044882;NULL;NULL;NULL;0.608095;NULL;NULL;NULL;0.528085;NULL;NULL;NULL;-1.245818;NULL;NULL;NULL;0.717097;NULL;NULL;NULL;0.515428;NULL;NULL;NULL
Тульская область;-0.143055;-0.14305;-0.25868;-0.03485;-0.160120;-0.16012;-0.29183;-0.03791;-0.149345;-0.14934;-0.23522;-0.06762;0.235468;0.23547;-0.38454;0.63376;0.123200;0.12320;-0.14643;0.34605;-0.029138;-0.02914;-0.31795;0.21335;1.000000;NULL;NULL;NULL;0.125540;0.12554;-0.40322;0.49905;-0.003080;-0.00308;-0.60831;0.42504;1.000000;NULL;NULL;NULL;0.556067;0.55607;0.09558;0.82413;0.458403;0.45840;-0.10295;0.78539
Тюменская область;-0.028513;-0.02851;-0.15671;0.08978;-0.179113;-0.17911;-0.39483;0.01293;-0.074207;-0.07421;-0.18347;0.02806;0.059229;0.05923;-0.75676;0.57097;-0.194467;-0.19447;-0.69666;0.19645;-0.146954;-0.14695;-0.56614;0.18920;-0.159323;NULL;NULL;NULL;-0.264676;-0.26468;-1.45777;0.45827;-0.279082;-0.27908;-1.39145;0.41714;1.000000;NULL;NULL;NULL;1.000000;NULL;NULL;NULL;1.000000;NULL;NULL;NULL
Удмуртская Республика;-0.115491;-0.11549;-0.18037;-0.05313;-0.065788;-0.06579;-0.15077;0.01469;-0.097256;-0.09726;-0.14848;-0.04765;0.168969;0.16897;-0.17248;0.43489;0.016694;0.01669;-0.18170;0.19055;-0.056924;-0.05692;-0.24457;0.11009;0.641447;NULL;NULL;NULL;0.163389;0.16339;-0.26029;0.47628;0.082180;0.08218;-0.36925;0.41840;1.000000;NULL;NULL;NULL;0.315186;0.31519;-0.18752;0.64741;0.227755;0.22776;-0.33812;0.60219
Ульяновская область;-0.272953;-0.27295;-0.40700;-0.14786;-0.451721;-0.45172;-0.68720;-0.23962;-0.323836;-0.32384;-0.43950;-0.21466;0.052478;0.05248;-0.67172;0.52713;-0.147555;-0.14755;-0.68835;0.26184;0.017071;0.01707;-0.36142;0.31702;1.000000;NULL;NULL;NULL;-0.352016;-0.35202;-1.76449;0.46555;0.000317;0.00032;-1.04180;0.60457;-0.913383;NULL;NULL;NULL;0.137066;NULL;NULL;NULL;0.132478;NULL;NULL;NULL
Хабаровский край;0.091620;0.09162;-0.01684;0.19198;0.207770;0.20777;0.03248;0.36028;0.122521;0.12252;0.03140;0.20767;-0.194961;-0.19496;-0.75932;0.23175;0.096887;0.09689;-0.26255;0.37990;0.015581;0.01558;-0.27353;0.25666;1.000000;NULL;NULL;NULL;0.293777;NULL;NULL;NULL;0.436403;NULL;NULL;NULL;1.000000;NULL;NULL;NULL;0.705246;NULL;NULL;NULL;0.744988;NULL;NULL;NULL
Ханты-Мансийский автономный округ - Югра;-0.106706;-0.10671;-0.24220;0.01847;-0.369860;-0.36986;-0.63193;-0.13782;-0.178454;-0.17845;-0.29846;-0.06615;0.239221;0.23922;-0.47591;0.67377;-0.246304;-0.24630;-0.81871;0.18997;-0.147093;-0.14709;-0.60295;0.21211;1.000000;NULL;NULL;NULL;0.375856;NULL;NULL;NULL;0.417002;NULL;NULL;NULL;1.000000;NULL;NULL;NULL;0.136647;NULL;NULL;NULL;0.148637;NULL;NULL;NULL
Челябинская область;-0.167705;-0.16771;-0.23455;-0.10338;-0.288023;-0.28802;-0.40037;-0.18202;-0.202737;-0.20274;-0.25994;-0.14733;0.004912;0.00491;-0.32800;0.27578;-0.073069;-0.07307;-0.30193;0.12667;-0.039334;-0.03933;-0.22236;0.12404;0.045410;NULL;NULL;NULL;0.035581;0.03558;-0.52677;0.43695;0.048757;0.04876;-0.45370;0.41746;1.000000;NULL;NULL;NULL;0.266396;0.26640;-0.23737;0.60873;0.342405;0.34241;-0.10860;0.64915
Чеченская Республика;-0.671019;-0.67102;-1.22772;-0.21721;-0.297564;-0.29756;-1.11082;0.27154;-0.595400;-0.59540;-1.05101;-0.21384;0.031586;NULL;NULL;NULL;0.269197;NULL;NULL;NULL;0.110907;NULL;NULL;NULL;1.000000;NULL;NULL;NULL;-0.966207;NULL;NULL;NULL;-0.932416;NULL;NULL;NULL;1.000000;NULL;NULL;NULL;1.000000;NULL;NULL;NULL;1.000000;NULL;NULL;NULL
Чувашская Республика;-0.381749;-0.38175;-0.63436;-0.15714;-0.337304;-0.33730;-0.68719;-0.04021;-0.329235;-0.32923;-0.52479;-0.15147;-0.275662;-0.27566;-1.31865;0.39035;0.178873;0.17887;-0.33353;0.53847;0.157898;0.15790;-0.23829;0.45810;-0.388410;NULL;NULL;NULL;0.577211;NULL;NULL;NULL;0.533377;NULL;NULL;NULL;1.000000;NULL;NULL;NULL;0.601401;NULL;NULL;NULL;0.693982;NULL;NULL;NULL
Чукотский автономный округ;0.407713;0.40771;0.14495;0.60900;-0.958874;-0.95887;NULL;NULL;0.295447;0.29545;0.01184;0.51747;0.136173;NULL;NULL;NULL;1.000000;NULL;NULL;NULL;0.370209;NULL;NULL;NULL;1.000000;NULL;NULL;NULL;1.000000;NULL;NULL;NULL;1.000000;NULL;NULL;NULL;NULL;NULL;NULL;NULL;1.000000;NULL;NULL;NULL;1.000000;NULL;NULL;NULL
Ямало-Ненецкий автономный округ;0.265622;0.26562;0.04001;0.45269;-0.084168;-0.08417;-1.19906;0.56939;0.223937;0.22394;0.00004;0.41156;-0.041604;NULL;NULL;NULL;0.045655;NULL;NULL;NULL;0.143738;NULL;NULL;NULL;1.000000;NULL;NULL;NULL;1.000000;NULL;NULL;NULL;1.000000;NULL;NULL;NULL;1.000000;NULL;NULL;NULL;1.000000;NULL;NULL;NULL;1.000000;NULL;NULL;NULL
Ярославская область;-0.239466;-0.23947;-0.36630;-0.12086;-0.565881;-0.56588;-0.82872;-0.32987;-0.326590;-0.32659;-0.44129;-0.21824;-0.945800;-0.94580;NULL;NULL;-0.272891;-0.27289;-0.82002;0.15065;-0.259163;-0.25916;-0.66802;0.07577;-0.954809;NULL;NULL;NULL;0.302039;NULL;NULL;NULL;0.279447;0.27945;-0.46687;0.71442;-2.703848;NULL;NULL;NULL;0.327961;NULL;NULL;NULL;0.334638;NULL;NULL;NULL
РФ;-0.175276;-0.17528;-0.18727;-0.16337;-0.278543;-0.27854;-0.29782;-0.25946;-0.205975;-0.20597;-0.21615;-0.19585;-0.105743;-0.10574;-0.16451;-0.04902;-0.163521;-0.16352;-0.20307;-0.12487;-0.145373;-0.14537;-0.17805;-0.11332;0.144635;0.14463;-0.01827;0.28895;0.186625;0.18663;0.12167;0.24826;0.180868;0.18087;0.12098;0.23794;0.359460;0.35946;0.10028;0.56291;0.386692;0.38669;0.31796;0.45060;0.385047;0.38505;0.31915;0.44651
