data_point;region;age_group;vac_interval_group;vaccine;ve_zab;cil_zab;cih_zab;ve_hosp;cil_hosp;cih_hosp;ve_severe;cil_severe;cih_severe;ve_death;cil_death;cih_death
2021.11_11-11-2022;Московская область;18+;21_165_days;AllVaccines;0.4506;0.44235;0.45873;0.67127;0.65808;0.68395;0.64462;0.61646;0.67071;0.84458;0.82276;0.86372
2021.11_11-11-2022;Московская область;18+;21_165_days;CoviVac;0.02526;-0.05136;0.09629;0.1216;-0.04635;0.2626;0.09022;-0.28243;0.35459;0.62469;0.27746;0.80505
2021.11_11-11-2022;Московская область;18+;21_165_days;EpiVacCorona;0.02408;-0.04585;0.08934;-0.10934;-0.27954;0.03822;-0.17453;-0.54955;0.10972;0.37295;0.00239;0.60587
2021.11_11-11-2022;Московская область;18+;21_165_days;SputnikLite;0.6925;0.67103;0.71258;0.8286;0.79109;0.85938;0.80678;0.71961;0.86685;0.92693;0.8465;0.96522
2021.11_11-11-2022;Московская область;18+;21_165_days;SputnikV;0.45011;0.44159;0.45851;0.68502;0.67167;0.69782;0.65888;0.63036;0.68519;0.8519;0.82966;0.87124
2021.11_11-11-2022;Московская область;18-59;21_165_days;AllVaccines;0.46695;0.45761;0.47613;0.54755;0.52104;0.5726;0.49844;0.43443;0.5552;0.69045;0.59964;0.76066
2021.11_11-11-2022;Московская область;18-59;21_165_days;CoviVac;0.1047;0.0217;0.18066;-0.27585;-0.60872;-0.01186;0.25251;-0.44244;0.61265;NULL;NULL;NULL
2021.11_11-11-2022;Московская область;18-59;21_165_days;EpiVacCorona;0.10175;0.01777;0.17854;-0.19411;-0.52071;0.06234;0.06836;-0.68982;0.48637;NULL;NULL;NULL
2021.11_11-11-2022;Московская область;18-59;21_165_days;SputnikLite;0.68154;0.65144;0.70903;0.81937;0.738;0.87547;0.81607;0.58923;0.91764;0.89893;0.27932;0.98583
2021.11_11-11-2022;Московская область;18-59;21_165_days;SputnikV;0.46909;0.45956;0.47844;0.56004;0.53338;0.58518;0.49548;0.42969;0.55367;0.67238;0.57576;0.74699
2021.11_11-11-2022;Московская область;60+;21_165_days;AllVaccines;0.38601;0.36723;0.40423;0.60862;0.58582;0.63016;0.53877;0.48935;0.5834;0.77834;0.74091;0.81036
2021.11_11-11-2022;Московская область;60+;21_165_days;CoviVac;-0.27177;-0.47058;-0.09983;0.07868;-0.20417;0.29509;-0.51376;-1.26409;-0.01209;0.28698;-0.37301;0.62972
2021.11_11-11-2022;Московская область;60+;21_165_days;EpiVacCorona;-0.12068;-0.25024;-0.00455;-0.05748;-0.26205;0.11393;-0.25097;-0.71094;0.08534;0.29291;-0.12535;0.55571
2021.11_11-11-2022;Московская область;60+;21_165_days;SputnikLite;0.70448;0.67282;0.73307;0.86334;0.82735;0.89183;0.84346;0.76169;0.89717;0.94637;0.88045;0.97595
2021.11_11-11-2022;Московская область;60+;21_165_days;SputnikV;0.3636;0.34277;0.38377;0.60108;0.57584;0.62482;0.53768;0.4835;0.58617;0.77796;0.73645;0.81294
2021.11_11-11-2022;РФ;18+;21_165_days;AllVaccines;0.34275;0.34038;0.34512;0.59588;0.59248;0.59926;0.71942;0.71395;0.72479;0.80703;0.8016;0.8123
2021.11_11-11-2022;РФ;18+;21_165_days;CoviVac;-0.10268;-0.12585;-0.07999;0.2792;0.24263;0.31401;0.49975;0.43759;0.55505;0.76591;0.71181;0.80986
2021.11_11-11-2022;РФ;18+;21_165_days;EpiVacCorona;-0.15655;-0.17127;-0.14201;-0.36179;-0.39278;-0.33148;-0.24205;-0.30109;-0.18568;0.02962;-0.03421;0.08951
2021.11_11-11-2022;РФ;18+;21_165_days;SputnikLite;0.43234;0.42758;0.43706;0.67215;0.66521;0.67895;0.80419;0.79351;0.81433;0.87145;0.86081;0.88127
2021.11_11-11-2022;РФ;18+;21_165_days;SputnikV;0.35327;0.35069;0.35583;0.62726;0.62367;0.63083;0.74753;0.74178;0.75315;0.82832;0.82262;0.83384
2021.11_11-11-2022;РФ;18-59;21_165_days;AllVaccines;0.32926;0.32635;0.33215;0.53065;0.5245;0.53672;0.58142;0.56663;0.59571;0.71038;0.69059;0.72891
2021.11_11-11-2022;РФ;18-59;21_165_days;CoviVac;-0.13602;-0.16236;-0.11028;-0.03085;-0.09831;0.03246;0.15986;-0.00468;0.29746;0.6844;0.49198;0.80394
2021.11_11-11-2022;РФ;18-59;21_165_days;EpiVacCorona;-0.10066;-0.11882;-0.0828;-0.44071;-0.49623;-0.38724;-0.43621;-0.58181;-0.30401;0.0014;-0.20587;0.17304
2021.11_11-11-2022;РФ;18-59;21_165_days;SputnikLite;0.38956;0.38354;0.39552;0.56254;0.54908;0.5756;0.64368;0.61195;0.67282;0.6929;0.64323;0.73565
2021.11_11-11-2022;РФ;18-59;21_165_days;SputnikV;0.34265;0.33953;0.34576;0.57275;0.56636;0.57904;0.6165;0.601;0.63139;0.74206;0.72143;0.76116
2021.11_11-11-2022;РФ;60+;21_165_days;AllVaccines;0.34328;0.33894;0.34758;0.56102;0.55615;0.56584;0.70298;0.69594;0.70985;0.77583;0.76887;0.78259
2021.11_11-11-2022;РФ;60+;21_165_days;CoviVac;-0.19047;-0.25108;-0.1328;0.05743;-0.02048;0.12939;0.20545;0.0721;0.31964;0.52646;0.40331;0.6242
2021.11_11-11-2022;РФ;60+;21_165_days;EpiVacCorona;-0.23941;-0.26438;-0.21494;-0.27461;-0.31082;-0.23941;-0.14382;-0.20605;-0.0848;0.07592;0.01121;0.1364
2021.11_11-11-2022;РФ;60+;21_165_days;SputnikLite;0.50943;0.50155;0.51717;0.70569;0.69702;0.71412;0.82974;0.81773;0.84096;0.88187;0.87023;0.89247
2021.11_11-11-2022;РФ;60+;21_165_days;SputnikV;0.34342;0.33858;0.34822;0.58137;0.57603;0.58663;0.72829;0.72069;0.73568;0.79483;0.78728;0.80212
2021.11_11-11-2022;г. Санкт-Петербург;18+;21_165_days;AllVaccines;0.44496;0.43509;0.45465;0.69476;0.67935;0.70942;0.80034;0.77632;0.82178;0.85644;0.83141;0.87775
2021.11_11-11-2022;г. Санкт-Петербург;18+;21_165_days;CoviVac;-0.1543;-0.23675;-0.07734;0.34649;0.20192;0.46487;0.65514;0.41703;0.79599;0.8179;0.56205;0.92428
2021.11_11-11-2022;г. Санкт-Петербург;18+;21_165_days;EpiVacCorona;-0.37987;-0.48347;-0.28351;-1.35259;-1.65728;-1.08284;-0.72032;-1.25692;-0.3113;-0.58369;-1.23355;-0.12291
2021.11_11-11-2022;г. Санкт-Петербург;18+;21_165_days;SputnikLite;0.53687;0.52106;0.55216;0.76321;0.73804;0.78597;0.84866;0.80756;0.88098;0.91116;0.87014;0.93922
2021.11_11-11-2022;г. Санкт-Петербург;18+;21_165_days;SputnikV;0.45245;0.44102;0.46364;0.73598;0.71904;0.75189;0.82787;0.80101;0.85111;0.87538;0.84694;0.89853
2021.11_11-11-2022;г. Санкт-Петербург;18-59;21_165_days;AllVaccines;0.49109;0.48051;0.50146;0.68037;0.65591;0.7031;0.72241;0.65865;0.77425;0.75858;0.64587;0.83542
2021.11_11-11-2022;г. Санкт-Петербург;18-59;21_165_days;CoviVac;-0.05962;-0.13903;0.01425;0.07494;-0.16401;0.26484;0.12835;-0.62804;0.53332;0.20403;-1.4884;0.74539
2021.11_11-11-2022;г. Санкт-Петербург;18-59;21_165_days;EpiVacCorona;-0.21971;-0.3529;-0.09963;-1.3617;-1.95025;-0.89057;-0.2507;-1.79459;0.44026;0.3655;-3.52593;0.91105
2021.11_11-11-2022;г. Санкт-Петербург;18-59;21_165_days;SputnikLite;0.56465;0.54787;0.5808;0.6961;0.65282;0.73399;0.6933;0.56473;0.78389;0.68881;0.42923;0.83034
2021.11_11-11-2022;г. Санкт-Петербург;18-59;21_165_days;SputnikV;0.49822;0.48591;0.51024;0.73953;0.71332;0.76335;0.77986;0.71064;0.83252;0.82051;0.69681;0.89374
2021.11_11-11-2022;г. Санкт-Петербург;60+;21_165_days;AllVaccines;0.30526;0.28106;0.32864;0.61521;0.58883;0.6399;0.75506;0.71919;0.78635;0.81369;0.77747;0.84401
2021.11_11-11-2022;г. Санкт-Петербург;60+;21_165_days;CoviVac;-1.13216;-1.7009;-0.68317;-0.62394;-1.44538;-0.07844;0.20062;-1.13153;0.70021;0.47614;-1.09614;0.86908
2021.11_11-11-2022;г. Санкт-Петербург;60+;21_165_days;EpiVacCorona;-0.65877;-0.8359;-0.49874;-0.84548;-1.13469;-0.59545;-0.31991;-0.76142;0.01094;-0.17785;-0.67038;0.16946
2021.11_11-11-2022;г. Санкт-Петербург;60+;21_165_days;SputnikLite;0.458;0.41675;0.49633;0.73308;0.68795;0.77168;0.83576;0.77073;0.88235;0.9016;0.83904;0.93984
2021.11_11-11-2022;г. Санкт-Петербург;60+;21_165_days;SputnikV;0.31883;0.29142;0.34518;0.6653;0.6368;0.69156;0.79116;0.75212;0.82405;0.84132;0.80155;0.87312
2021.12_13-10-2022;Московская область;18+;21_165_days;AllVaccines;0.54769;0.53996;0.5553;0.7445;0.73272;0.75576;0.64369;0.61095;0.67368;0.86236;0.84119;0.8807
2021.12_13-10-2022;Московская область;18+;21_165_days;CoviVac;0.02723;-0.05814;0.10571;0.33111;0.1663;0.46334;0.10932;-0.35653;0.41519;0.74479;0.38581;0.89396
2021.12_13-10-2022;Московская область;18+;21_165_days;EpiVacCorona;-0.08244;-0.16723;-0.00381;-0.26669;-0.47455;-0.08813;-1.30906;-1.9643;-0.79865;-0.22812;-0.79793;0.1611
2021.12_13-10-2022;Московская область;18+;21_165_days;SputnikLite;0.7644;0.75166;0.77649;0.85413;0.83142;0.87377;0.84596;0.78999;0.88701;0.91948;0.87006;0.9501
2021.12_13-10-2022;Московская область;18+;21_165_days;SputnikV;0.53157;0.52319;0.5398;0.74984;0.73738;0.7617;0.65164;0.61722;0.68296;0.87292;0.85094;0.89167
2021.12_13-10-2022;Московская область;18-59;21_165_days;AllVaccines;0.54989;0.54085;0.55875;0.67454;0.65235;0.69532;0.42814;0.33888;0.50534;0.68943;0.5698;0.77579
2021.12_13-10-2022;Московская область;18-59;21_165_days;CoviVac;0.08063;-0.01376;0.16623;0.15417;-0.14722;0.37638;-0.09645;-1.20779;0.45547;NULL;NULL;NULL
2021.12_13-10-2022;Московская область;18-59;21_165_days;EpiVacCorona;0.04445;-0.05465;0.13425;-0.02475;-0.36322;0.22969;-0.7435;-2.09625;0.01824;-0.51409;-3.76445;0.51884
2021.12_13-10-2022;Московская область;18-59;21_165_days;SputnikLite;0.77494;0.75771;0.79093;0.85597;0.81049;0.89054;0.8869;0.74673;0.94949;0.93452;0.53118;0.99085
2021.12_13-10-2022;Московская область;18-59;21_165_days;SputnikV;0.5403;0.53079;0.54963;0.67261;0.64936;0.69432;0.40445;0.30929;0.4865;0.67614;0.54735;0.76829
2021.12_13-10-2022;Московская область;60+;21_165_days;AllVaccines;0.53546;0.5196;0.5508;0.70236;0.68291;0.72061;0.59808;0.54897;0.64184;0.81501;0.78244;0.8427
2021.12_13-10-2022;Московская область;60+;21_165_days;CoviVac;-0.17977;-0.39194;6e-05;0.20595;-0.09256;0.42289;-0.22994;-1.08296;0.27374;0.54116;-0.10444;0.80938
2021.12_13-10-2022;Московская область;60+;21_165_days;EpiVacCorona;-0.32954;-0.49452;-0.18277;-0.42147;-0.70104;-0.18785;-1.54726;-2.36205;-0.92993;-0.22804;-0.83968;0.18024
2021.12_13-10-2022;Московская область;60+;21_165_days;SputnikLite;0.75353;0.73419;0.77147;0.88126;0.85922;0.89985;0.87153;0.82022;0.90819;0.93865;0.89953;0.96254
2021.12_13-10-2022;Московская область;60+;21_165_days;SputnikV;0.48284;0.46314;0.50182;0.67082;0.64646;0.6935;0.56477;0.50422;0.61793;0.80049;0.75959;0.83443
2021.12_13-10-2022;РФ;18+;21_165_days;AllVaccines;0.49399;0.49164;0.49634;0.70897;0.70593;0.71198;0.80426;0.79969;0.80872;0.87153;0.86708;0.87584
2021.12_13-10-2022;РФ;18+;21_165_days;CoviVac;-0.09942;-0.1261;-0.07338;0.31951;0.28079;0.35613;0.60517;0.54727;0.65567;0.83813;0.78961;0.87545
2021.12_13-10-2022;РФ;18+;21_165_days;EpiVacCorona;-0.15429;-0.17387;-0.13505;-0.21938;-0.25626;-0.18359;-0.10998;-0.17726;-0.04654;0.19764;0.12669;0.26283
2021.12_13-10-2022;РФ;18+;21_165_days;SputnikLite;0.61237;0.60886;0.61584;0.77059;0.76573;0.77535;0.86466;0.85759;0.87138;0.9109;0.9038;0.91748
2021.12_13-10-2022;РФ;18+;21_165_days;SputnikV;0.48206;0.47934;0.48476;0.72395;0.72054;0.72731;0.81595;0.8108;0.82097;0.88013;0.87508;0.88498
2021.12_13-10-2022;РФ;18-59;21_165_days;AllVaccines;0.45774;0.4547;0.46077;0.63182;0.62585;0.63769;0.67942;0.66577;0.69251;0.7853;0.76718;0.80201
2021.12_13-10-2022;РФ;18-59;21_165_days;CoviVac;-0.16559;-0.19687;-0.13512;-0.07498;-0.1522;-0.00294;0.19583;0.02066;0.33966;0.64634;0.42204;0.78359
2021.12_13-10-2022;РФ;18-59;21_165_days;EpiVacCorona;-0.08171;-0.10503;-0.05888;-0.31505;-0.38082;-0.2524;-0.30969;-0.47724;-0.16115;0.27475;0.05331;0.4444
2021.12_13-10-2022;РФ;18-59;21_165_days;SputnikLite;0.56312;0.55831;0.56788;0.68943;0.67926;0.69929;0.77433;0.75252;0.79421;0.83415;0.802;0.86109
2021.12_13-10-2022;РФ;18-59;21_165_days;SputnikV;0.45296;0.44955;0.45634;0.65647;0.65001;0.66281;0.68942;0.67423;0.7039;0.78844;0.76781;0.80724
2021.12_13-10-2022;РФ;60+;21_165_days;AllVaccines;0.54026;0.53632;0.54416;0.69193;0.68767;0.69613;0.79229;0.78638;0.79804;0.84817;0.84234;0.85379
2021.12_13-10-2022;РФ;60+;21_165_days;CoviVac;-0.12591;-0.1916;-0.06383;0.19625;0.11865;0.26701;0.44062;0.32315;0.53771;0.71179;0.60701;0.78864
2021.12_13-10-2022;РФ;60+;21_165_days;EpiVacCorona;-0.36177;-0.39951;-0.32506;-0.35715;-0.40918;-0.30704;-0.25527;-0.3429;-0.17336;0.02773;-0.06317;0.11087
2021.12_13-10-2022;РФ;60+;21_165_days;SputnikLite;0.68976;0.68478;0.69465;0.81109;0.8058;0.81623;0.88727;0.88016;0.89396;0.92107;0.91405;0.92751
2021.12_13-10-2022;РФ;60+;21_165_days;SputnikV;0.50104;0.49603;0.506;0.67393;0.66851;0.67925;0.7862;0.77872;0.79342;0.84264;0.83519;0.84976
2021.12_13-10-2022;г. Санкт-Петербург;18+;21_165_days;AllVaccines;0.64392;0.63725;0.65047;0.8318;0.82311;0.84006;0.89803;0.88546;0.90921;0.92588;0.91291;0.93691
2021.12_13-10-2022;г. Санкт-Петербург;18+;21_165_days;CoviVac;-0.25286;-0.3419;-0.16973;0.41487;0.28463;0.52139;0.79135;0.61183;0.88785;0.91015;0.72118;0.97104
2021.12_13-10-2022;г. Санкт-Петербург;18+;21_165_days;EpiVacCorona;-0.29975;-0.43338;-0.17858;-0.59584;-0.90631;-0.33594;-0.51005;-1.11731;-0.07696;-0.27512;-0.98054;0.17904
2021.12_13-10-2022;г. Санкт-Петербург;18+;21_165_days;SputnikLite;0.72382;0.71496;0.7324;0.86757;0.85518;0.87891;0.9279;0.90998;0.94226;0.95084;0.93224;0.96433
2021.12_13-10-2022;г. Санкт-Петербург;18+;21_165_days;SputnikV;0.63106;0.62282;0.63912;0.83834;0.82775;0.84828;0.89996;0.88417;0.9136;0.92593;0.9093;0.93951
2021.12_13-10-2022;г. Санкт-Петербург;18-59;21_165_days;AllVaccines;0.66623;0.65891;0.67339;0.81815;0.80412;0.83117;0.86336;0.8298;0.8903;0.91325;0.86898;0.94256
2021.12_13-10-2022;г. Санкт-Петербург;18-59;21_165_days;CoviVac;-0.15962;-0.24597;-0.07926;0.08394;-0.14006;0.26393;0.38551;-0.23487;0.69422;0.81859;-0.29318;0.97455
2021.12_13-10-2022;г. Санкт-Петербург;18-59;21_165_days;EpiVacCorona;0.03405;-0.10331;0.15431;-0.04019;-0.47304;0.26547;0.106;-1.3904;0.66565;NULL;NULL;NULL
2021.12_13-10-2022;г. Санкт-Петербург;18-59;21_165_days;SputnikLite;0.73179;0.72185;0.74137;0.85039;0.82976;0.86852;0.89504;0.8433;0.92969;0.93059;0.8528;0.96727
2021.12_13-10-2022;г. Санкт-Петербург;18-59;21_165_days;SputnikV;0.66144;0.6526;0.67005;0.8316;0.81503;0.84669;0.86821;0.82653;0.89988;0.90552;0.84543;0.94225
2021.12_13-10-2022;г. Санкт-Петербург;60+;21_165_days;AllVaccines;0.58873;0.57349;0.60343;0.78102;0.7654;0.7956;0.86081;0.84028;0.8787;0.88861;0.86728;0.90652
2021.12_13-10-2022;г. Санкт-Петербург;60+;21_165_days;CoviVac;-1.08085;-1.65012;-0.63387;0.06629;-0.57743;0.44731;0.64629;-0.41509;0.91159;0.53314;-0.86807;0.88333
2021.12_13-10-2022;г. Санкт-Петербург;60+;21_165_days;EpiVacCorona;-1.13138;-1.46314;-0.8443;-1.20586;-1.71282;-0.79363;-0.92838;-1.76399;-0.3454;-0.69681;-1.63618;-0.09217
2021.12_13-10-2022;г. Санкт-Петербург;60+;21_165_days;SputnikLite;0.71488;0.69602;0.73257;0.84501;0.82448;0.86314;0.91239;0.88555;0.93293;0.93482;0.90705;0.95429
2021.12_13-10-2022;г. Санкт-Петербург;60+;21_165_days;SputnikV;0.54294;0.52274;0.5623;0.77546;0.75521;0.79403;0.85727;0.83017;0.88004;0.88612;0.85776;0.90883
2022.01_13-10-2022;Московская область;18+;21_165_days;AllVaccines;-0.64495;-0.66045;-0.6296;0.40858;0.38308;0.43303;0.37316;0.32489;0.41797;0.74066;0.69917;0.77643
2022.01_13-10-2022;Московская область;18+;21_165_days;CoviVac;-2.28808;-2.43311;-2.14919;-0.43059;-0.77148;-0.15531;-0.57159;-1.26638;-0.0898;0.2462;-0.58448;0.64139
2022.01_13-10-2022;Московская область;18+;21_165_days;EpiVacCorona;-1.09848;-1.2064;-0.99583;-0.70771;-1.04968;-0.42279;-1.02088;-1.73198;-0.49487;-0.30742;-1.21406;0.22796
2022.01_13-10-2022;Московская область;18+;21_165_days;SputnikLite;0.36966;0.35534;0.38367;0.68725;0.65348;0.71773;0.68449;0.62104;0.73731;0.79624;0.71975;0.85186
2022.01_13-10-2022;Московская область;18+;21_165_days;SputnikV;-0.94963;-0.96869;-0.93075;0.34979;0.31929;0.37892;0.31034;0.25259;0.36364;0.74972;0.70242;0.78951
2022.01_13-10-2022;Московская область;18-59;21_165_days;AllVaccines;-0.85282;-0.87261;-0.83323;0.08836;0.02997;0.14324;-0.34261;-0.51894;-0.18674;0.24939;-0.0376;0.457
2022.01_13-10-2022;Московская область;18-59;21_165_days;CoviVac;-2.45426;-2.62533;-2.29125;-0.93965;-1.6403;-0.42493;-1.34736;-3.38722;-0.25594;-0.1325;-7.10855;0.84183
2022.01_13-10-2022;Московская область;18-59;21_165_days;EpiVacCorona;-1.49228;-1.64621;-1.34731;-0.90646;-1.64867;-0.37223;-1.36488;-3.56935;-0.22395;-1.53544;-9.26127;0.37352
2022.01_13-10-2022;Московская область;18-59;21_165_days;SputnikLite;0.29809;0.27797;0.31765;0.63843;0.5646;0.69974;0.44323;0.21997;0.60259;0.32845;-0.32372;0.65931
2022.01_13-10-2022;Московская область;18-59;21_165_days;SputnikV;-1.09031;-1.11327;-1.06761;-0.01151;-0.07921;0.05195;-0.49802;-0.70223;-0.31831;0.26145;-0.05203;0.48151
2022.01_13-10-2022;Московская область;60+;21_165_days;AllVaccines;-0.06862;-0.09076;-0.04693;0.57815;0.55244;0.60238;0.58069;0.53762;0.61974;0.79142;0.75255;0.82418
2022.01_13-10-2022;Московская область;60+;21_165_days;CoviVac;-1.74998;-2.02695;-1.49835;-0.23823;-0.66597;0.07969;-0.45346;-1.28375;0.07497;0.22005;-0.73979;0.65034
2022.01_13-10-2022;Московская область;60+;21_165_days;EpiVacCorona;-0.55537;-0.70463;-0.41919;-0.17331;-0.46125;0.0579;-0.33877;-0.87923;0.04625;0.19707;-0.41809;0.54538
2022.01_13-10-2022;Московская область;60+;21_165_days;SputnikLite;0.45226;0.43143;0.47232;0.79763;0.77114;0.82105;0.82693;0.78466;0.8609;0.89497;0.84906;0.92691
2022.01_13-10-2022;Московская область;60+;21_165_days;SputnikV;-0.3852;-0.41684;-0.35427;0.4669;0.42957;0.50179;0.46092;0.39759;0.5176;0.75129;0.69513;0.7971
2022.01_13-10-2022;РФ;18+;21_165_days;AllVaccines;-0.25258;-0.25571;-0.24945;0.43674;0.43145;0.44197;0.66565;0.65821;0.67293;0.79688;0.78956;0.80394
2022.01_13-10-2022;РФ;18+;21_165_days;CoviVac;-1.90567;-1.93967;-1.87206;-0.14701;-0.21011;-0.0872;0.26684;0.16586;0.3556;0.69943;0.60931;0.76875
2022.01_13-10-2022;РФ;18+;21_165_days;EpiVacCorona;-0.60679;-0.62412;-0.58964;-0.32138;-0.36759;-0.27673;0.04179;-0.03558;0.11338;0.19255;0.09856;0.27673
2022.01_13-10-2022;РФ;18+;21_165_days;SputnikLite;0.12612;0.12257;0.12966;0.55459;0.54749;0.56158;0.77056;0.76085;0.77989;0.84819;0.83786;0.85786
2022.01_13-10-2022;РФ;18+;21_165_days;SputnikV;-0.42653;-0.43049;-0.42259;0.40812;0.40155;0.41461;0.63613;0.62653;0.64549;0.79195;0.78269;0.80082
2022.01_13-10-2022;РФ;18-59;21_165_days;AllVaccines;-0.32528;-0.32904;-0.32152;0.26676;0.25645;0.27693;0.43139;0.40849;0.4534;0.65134;0.61929;0.68069
2022.01_13-10-2022;РФ;18-59;21_165_days;CoviVac;-1.88809;-1.9243;-1.85234;-0.60173;-0.71598;-0.4951;-0.5727;-0.88321;-0.31339;0.37072;-0.0641;0.62786
2022.01_13-10-2022;РФ;18-59;21_165_days;EpiVacCorona;-0.66481;-0.68535;-0.64453;-0.48922;-0.57123;-0.41149;-0.22036;-0.42234;-0.04707;0.07269;-0.28295;0.32974
2022.01_13-10-2022;РФ;18-59;21_165_days;SputnikLite;0.06144;0.05702;0.06584;0.43656;0.42275;0.45004;0.66158;0.63372;0.68732;0.74928;0.70324;0.78818
2022.01_13-10-2022;РФ;18-59;21_165_days;SputnikV;-0.47487;-0.47946;-0.47029;0.22564;0.21318;0.23789;0.35935;0.33026;0.38718;0.6283;0.58812;0.66455
2022.01_13-10-2022;РФ;60+;21_165_days;AllVaccines;-0.0006;-0.00596;0.00473;0.51205;0.5058;0.51822;0.70823;0.70027;0.71597;0.79957;0.79164;0.80721
2022.01_13-10-2022;РФ;60+;21_165_days;CoviVac;-1.51729;-1.60126;-1.43602;-0.28313;-0.39748;-0.17814;0.19717;0.03353;0.33311;0.54681;0.38659;0.66518
2022.01_13-10-2022;РФ;60+;21_165_days;EpiVacCorona;-0.4412;-0.47358;-0.40954;-0.22458;-0.28069;-0.17093;0.10843;0.02436;0.18525;0.20592;0.10732;0.29364
2022.01_13-10-2022;РФ;60+;21_165_days;SputnikLite;0.25426;0.24824;0.26024;0.65286;0.64553;0.66005;0.81911;0.81006;0.82772;0.87548;0.86624;0.88408
2022.01_13-10-2022;РФ;60+;21_165_days;SputnikV;-0.16855;-0.17586;-0.16128;0.4417;0.43299;0.45029;0.65236;0.6408;0.66356;0.76868;0.75723;0.77959
2022.01_13-10-2022;г. Санкт-Петербург;18+;21_165_days;AllVaccines;0.2639;0.25751;0.27023;0.7117;0.69978;0.72314;0.84025;0.82263;0.85611;0.89206;0.87465;0.90705
2022.01_13-10-2022;г. Санкт-Петербург;18+;21_165_days;CoviVac;-1.02539;-1.10237;-0.95123;0.39266;0.23667;0.51677;0.89948;0.68815;0.9676;0.95173;0.65715;0.9932
2022.01_13-10-2022;г. Санкт-Петербург;18+;21_165_days;EpiVacCorona;-0.07202;-0.14425;-0.00435;-0.26632;-0.55134;-0.03366;0.12008;-0.43837;0.46171;0.52462;-0.05949;0.7867
2022.01_13-10-2022;г. Санкт-Петербург;18+;21_165_days;SputnikLite;0.43602;0.42873;0.44322;0.76992;0.75465;0.78423;0.87427;0.85064;0.89416;0.92009;0.89667;0.9382
2022.01_13-10-2022;г. Санкт-Петербург;18+;21_165_days;SputnikV;0.16224;0.15379;0.17061;0.68609;0.67;0.70139;0.82195;0.79724;0.84366;0.87382;0.84846;0.89493
2022.01_13-10-2022;г. Санкт-Петербург;18-59;21_165_days;AllVaccines;0.33307;0.32659;0.33949;0.69261;0.67443;0.70978;0.77891;0.7289;0.81969;0.83982;0.76257;0.89194
2022.01_13-10-2022;г. Санкт-Петербург;18-59;21_165_days;CoviVac;-0.71249;-0.77967;-0.64785;0.16561;-0.07196;0.35052;0.6072;-0.22214;0.87375;0.62711;-1.66235;0.94777
2022.01_13-10-2022;г. Санкт-Петербург;18-59;21_165_days;EpiVacCorona;0.05078;-0.02479;0.12078;-0.0856;-0.50687;0.21789;0.41324;-1.35281;0.85367;NULL;NULL;NULL
2022.01_13-10-2022;г. Санкт-Петербург;18-59;21_165_days;SputnikLite;0.49105;0.48361;0.49837;0.74932;0.72571;0.77089;0.81951;0.74991;0.86975;0.8682;0.75063;0.93034
2022.01_13-10-2022;г. Санкт-Петербург;18-59;21_165_days;SputnikV;0.24576;0.23727;0.25416;0.67329;0.64935;0.69559;0.75736;0.68828;0.81113;0.82231;0.7112;0.89067
2022.01_13-10-2022;г. Санкт-Петербург;60+;21_165_days;AllVaccines;0.10987;0.09261;0.12681;0.6669;0.64722;0.68548;0.80768;0.78261;0.82986;0.86153;0.83717;0.88224
2022.01_13-10-2022;г. Санкт-Петербург;60+;21_165_days;CoviVac;-2.07912;-2.60029;-1.6334;-0.02073;-0.7983;0.42063;NULL;NULL;NULL;NULL;NULL;NULL
2022.01_13-10-2022;г. Санкт-Петербург;60+;21_165_days;EpiVacCorona;-0.48653;-0.68323;-0.31281;-0.49929;-0.94161;-0.15774;-0.03173;-0.7449;0.38996;0.42495;-0.28177;0.74201
2022.01_13-10-2022;г. Санкт-Петербург;60+;21_165_days;SputnikLite;0.29085;0.27089;0.31026;0.75101;0.72703;0.77289;0.8592;0.82746;0.8851;0.90561;0.87496;0.92874
2022.01_13-10-2022;г. Санкт-Петербург;60+;21_165_days;SputnikV;-0.02522;-0.04879;-0.00219;0.61755;0.58944;0.64373;0.77641;0.73954;0.80806;0.8301;0.79292;0.86061
2022.02_01-07-2022;Московская область;18+;21_165_days;AllVaccines;0.33298;0.32632;0.33957;0.62545;0.60617;0.64378;0.62275;0.58792;0.65464;0.79739;0.75999;0.82896
2022.02_01-07-2022;Московская область;18+;21_165_days;CoviVac;-0.24727;-0.31939;-0.17909;0.12977;-0.14303;0.33746;0.11358;-0.42813;0.44982;0.54748;-0.20767;0.83044
2022.02_01-07-2022;Московская область;18+;21_165_days;EpiVacCorona;-0.01316;-0.07374;0.04401;-0.52427;-0.84789;-0.25732;-0.35691;-0.94476;0.05325;-0.27573;-1.20363;0.26145
2022.02_01-07-2022;Московская область;18+;21_165_days;SputnikLite;0.3383;0.32645;0.34995;0.59085;0.55231;0.62607;0.55989;0.48685;0.62254;0.70915;0.617;0.77912
2022.02_01-07-2022;Московская область;18+;21_165_days;SputnikV;0.3471;0.33972;0.35441;0.66662;0.64596;0.68608;0.67043;0.63333;0.70377;0.85111;0.81351;0.88112
2022.02_01-07-2022;Московская область;18-59;21_165_days;AllVaccines;0.34256;0.33477;0.35026;0.54185;0.49993;0.58026;0.3853;0.26916;0.48299;0.7273;0.53648;0.83956
2022.02_01-07-2022;Московская область;18-59;21_165_days;CoviVac;-0.17319;-0.25476;-0.09693;-0.04033;-0.65427;0.34576;-0.96998;-3.15555;0.06612;-0.38897;-8.96448;0.80639
2022.02_01-07-2022;Московская область;18-59;21_165_days;EpiVacCorona;0.07077;-0.00643;0.14204;-0.74709;-1.55338;-0.19541;-0.57539;-2.80296;0.34739;-2.11012;-11.62132;0.23361
2022.02_01-07-2022;Московская область;18-59;21_165_days;SputnikLite;0.32691;0.31087;0.34258;0.6002;0.51377;0.67127;0.48087;0.23972;0.64553;0.90849;0.34354;0.98724
2022.02_01-07-2022;Московская область;18-59;21_165_days;SputnikV;0.35802;0.34965;0.36628;0.55501;0.50954;0.59626;0.39714;0.27079;0.5016;0.74127;0.528;0.85817
2022.02_01-07-2022;Московская область;60+;21_165_days;AllVaccines;0.30867;0.29576;0.32135;0.65947;0.63792;0.67974;0.67612;0.64078;0.70798;0.80438;0.76606;0.83642
2022.02_01-07-2022;Московская область;60+;21_165_days;CoviVac;-0.4679;-0.62641;-0.32484;0.13348;-0.21392;0.38146;0.30366;-0.29608;0.62588;0.59624;-0.25384;0.86998
2022.02_01-07-2022;Московская область;60+;21_165_days;EpiVacCorona;-0.1103;-0.20857;-0.02003;-0.02369;-0.27997;0.18128;0.10354;-0.32979;0.39566;0.23763;-0.38073;0.57905
2022.02_01-07-2022;Московская область;60+;21_165_days;SputnikLite;0.36295;0.34525;0.38016;0.72617;0.69693;0.7526;0.72623;0.67623;0.76851;0.81154;0.75109;0.85731
2022.02_01-07-2022;Московская область;60+;21_165_days;SputnikV;0.30061;0.2845;0.31635;0.64764;0.61943;0.67376;0.66898;0.62269;0.70959;0.82412;0.77567;0.86211
2022.02_01-07-2022;РФ;18+;21_165_days;AllVaccines;0.0936;0.0919;0.09529;0.52115;0.5175;0.52477;0.72204;0.71637;0.7276;0.80849;0.80269;0.81412
2022.02_01-07-2022;РФ;18+;21_165_days;CoviVac;-0.53489;-0.55163;-0.51832;0.2818;0.24364;0.31804;0.61594;0.55315;0.66991;0.83338;0.77751;0.87522
2022.02_01-07-2022;РФ;18+;21_165_days;EpiVacCorona;-0.20598;-0.21617;-0.19587;-0.14537;-0.1782;-0.11346;0.18087;0.12026;0.2373;0.38505;0.31797;0.44552
2022.02_01-07-2022;РФ;18+;21_165_days;SputnikLite;0.01839;0.01579;0.02097;0.48396;0.47807;0.48978;0.72326;0.71417;0.73205;0.80087;0.79119;0.81011
2022.02_01-07-2022;РФ;18+;21_165_days;SputnikV;0.15885;0.15695;0.16074;0.57159;0.56743;0.5757;0.74349;0.73678;0.75004;0.82828;0.82143;0.83486
2022.02_01-07-2022;РФ;18-59;21_165_days;AllVaccines;0.08673;0.08471;0.08873;0.4349;0.4276;0.44212;0.59812;0.57998;0.61548;0.71122;0.68478;0.73545
2022.02_01-07-2022;РФ;18-59;21_165_days;CoviVac;-0.52075;-0.53901;-0.50271;-0.02439;-0.10123;0.0471;0.13818;-0.09405;0.32112;0.54065;0.19021;0.73943
2022.02_01-07-2022;РФ;18-59;21_165_days;EpiVacCorona;-0.17528;-0.18729;-0.16339;-0.10574;-0.16502;-0.04949;0.14463;-0.02345;0.28511;0.35946;0.08219;0.55297
2022.02_01-07-2022;РФ;18-59;21_165_days;SputnikLite;-0.0242;-0.02745;-0.02096;0.38867;0.37653;0.40057;0.62096;0.59193;0.64793;0.71043;0.66513;0.74961
2022.02_01-07-2022;РФ;18-59;21_165_days;SputnikV;0.1625;0.1603;0.16469;0.48541;0.47726;0.49344;0.6114;0.59005;0.63163;0.72709;0.69587;0.75511
2022.02_01-07-2022;РФ;60+;21_165_days;AllVaccines;0.1118;0.10866;0.11492;0.53185;0.52741;0.53625;0.72628;0.71996;0.73244;0.80318;0.79683;0.80934
2022.02_01-07-2022;РФ;60+;21_165_days;CoviVac;-0.60421;-0.64664;-0.56288;0.09464;0.02489;0.1594;0.51263;0.40699;0.59945;0.75801;0.66127;0.82712
2022.02_01-07-2022;РФ;60+;21_165_days;EpiVacCorona;-0.27854;-0.29787;-0.25951;-0.16352;-0.20328;-0.12507;0.18663;0.12082;0.24751;0.38669;0.31668;0.44953
2022.02_01-07-2022;РФ;60+;21_165_days;SputnikLite;0.1006;0.09632;0.10485;0.57104;0.56504;0.57695;0.77052;0.76213;0.77862;0.83149;0.8228;0.83975
2022.02_01-07-2022;РФ;60+;21_165_days;SputnikV;0.14766;0.14385;0.15146;0.53764;0.53194;0.54328;0.71802;0.70954;0.72626;0.80012;0.79154;0.80834
2022.02_01-07-2022;г. Санкт-Петербург;18+;21_165_days;AllVaccines;0.43313;0.42879;0.43743;0.69504;0.68372;0.70596;0.83581;0.81898;0.85107;0.88979;0.87315;0.90425
2022.02_01-07-2022;г. Санкт-Петербург;18+;21_165_days;CoviVac;-0.08672;-0.13245;-0.04284;0.58993;0.47043;0.68246;0.94032;0.76126;0.98508;0.95648;0.69091;0.99387
2022.02_01-07-2022;г. Санкт-Петербург;18+;21_165_days;EpiVacCorona;0.08185;0.02773;0.13297;-0.01508;-0.25035;0.17592;-0.17522;-0.75612;0.21352;0.21441;-0.42074;0.56562
2022.02_01-07-2022;г. Санкт-Петербург;18+;21_165_days;SputnikLite;0.45213;0.4463;0.4579;0.70055;0.68442;0.71586;0.83857;0.81349;0.86028;0.88228;0.85585;0.90387
2022.02_01-07-2022;г. Санкт-Петербург;18+;21_165_days;SputnikV;0.4341;0.42874;0.43942;0.70228;0.68794;0.71597;0.84462;0.82294;0.86365;0.90301;0.88191;0.92035
2022.02_01-07-2022;г. Санкт-Петербург;18-59;21_165_days;AllVaccines;0.51599;0.51165;0.52029;0.68043;0.6616;0.69821;0.74634;0.68864;0.79335;0.79591;0.7059;0.85837
2022.02_01-07-2022;г. Санкт-Петербург;18-59;21_165_days;CoviVac;0.05278;0.0112;0.0926;0.28509;0.06038;0.45606;0.8524;-0.05023;0.97926;NULL;NULL;NULL
2022.02_01-07-2022;г. Санкт-Петербург;18-59;21_165_days;EpiVacCorona;0.26573;0.21038;0.3172;0.41469;0.08153;0.627;-0.32294;-2.54079;0.50571;-1.64589;-7.28976;0.1555
2022.02_01-07-2022;г. Санкт-Петербург;18-59;21_165_days;SputnikLite;0.53534;0.52946;0.54114;0.68111;0.65395;0.70615;0.7234;0.63209;0.79205;0.72166;0.55709;0.82508
2022.02_01-07-2022;г. Санкт-Петербург;18-59;21_165_days;SputnikV;0.51673;0.51137;0.52202;0.69352;0.67017;0.71521;0.77334;0.70187;0.82768;0.87495;0.77522;0.93043
2022.02_01-07-2022;г. Санкт-Петербург;60+;21_165_days;AllVaccines;0.1622;0.14983;0.17438;0.62492;0.6067;0.64229;0.80221;0.77884;0.82311;0.86233;0.83954;0.88187
2022.02_01-07-2022;г. Санкт-Петербург;60+;21_165_days;CoviVac;-0.90935;-1.21484;-0.64599;0.5527;0.06145;0.78682;0.79348;-0.46664;0.97092;0.71973;-0.99067;0.96054
2022.02_01-07-2022;г. Санкт-Петербург;60+;21_165_days;EpiVacCorona;-0.48087;-0.62539;-0.3492;-0.3582;-0.71839;-0.07351;-0.25416;-0.9472;0.19222;0.31917;-0.36334;0.66001
2022.02_01-07-2022;г. Санкт-Петербург;60+;21_165_days;SputnikLite;0.18504;0.16888;0.20088;0.6538;0.62923;0.67673;0.8232;0.7908;0.85059;0.86912;0.83588;0.89564
2022.02_01-07-2022;г. Санкт-Петербург;60+;21_165_days;SputnikV;0.15896;0.14341;0.17422;0.61707;0.59281;0.63989;0.80212;0.7703;0.82953;0.86645;0.83538;0.89165
2022.03_13-10-2022;Московская область;18+;21_165_days;AllVaccines;0.15606;0.13144;0.17999;0.49653;0.43811;0.54887;0.56592;0.47144;0.64351;0.68286;0.56292;0.76989
2022.03_13-10-2022;Московская область;18+;21_165_days;CoviVac;-0.76671;-1.08507;-0.49696;0.39427;-0.45694;0.74816;0.65604;-1.44532;0.95162;NULL;NULL;NULL
2022.03_13-10-2022;Московская область;18+;21_165_days;EpiVacCorona;-0.53363;-0.76538;-0.33229;-0.74002;-1.62481;-0.15348;-1.36276;-3.28687;-0.30226;-0.73371;-3.64625;0.35308
2022.03_13-10-2022;Московская область;18+;21_165_days;SputnikLite;0.15788;0.12109;0.19314;0.42923;0.33117;0.51291;0.58022;0.42868;0.69157;0.64542;0.43029;0.77931
2022.03_13-10-2022;Московская область;18+;21_165_days;SputnikV;0.19236;0.16261;0.22105;0.57888;0.51084;0.63745;0.61204;0.49584;0.70146;0.74333;0.59701;0.83652
2022.03_13-10-2022;Московская область;18-59;21_165_days;AllVaccines;0.14033;0.107;0.17241;0.52528;0.39659;0.62653;0.419;0.05981;0.64096;0.39073;-0.30827;0.71626
2022.03_13-10-2022;Московская область;18-59;21_165_days;CoviVac;-0.74206;-1.16472;-0.40193;0.4787;-2.70856;0.92672;NULL;NULL;NULL;NULL;NULL;NULL
2022.03_13-10-2022;Московская область;18-59;21_165_days;EpiVacCorona;-0.27075;-0.59468;-0.01262;0.58425;-1.9577;0.94156;-0.98447;-13.23036;0.72326;NULL;NULL;NULL
2022.03_13-10-2022;Московская область;18-59;21_165_days;SputnikLite;0.22086;0.16983;0.26876;0.65139;0.44846;0.77966;0.47454;-0.19846;0.76961;0.77041;-0.67333;0.9685
2022.03_13-10-2022;Московская область;18-59;21_165_days;SputnikV;0.12414;0.08375;0.16275;0.45963;0.2885;0.5896;0.41174;-0.04948;0.67026;0.16958;-0.86267;0.62978
2022.03_13-10-2022;Московская область;60+;21_165_days;AllVaccines;0.26526;0.23218;0.29692;0.59347;0.54001;0.64072;0.67696;0.5991;0.7397;0.77768;0.68302;0.84408
2022.03_13-10-2022;Московская область;60+;21_165_days;CoviVac;-0.72355;-1.22685;-0.33401;0.42046;-0.5462;0.78278;0.63542;-1.59255;0.94873;NULL;NULL;NULL
2022.03_13-10-2022;Московская область;60+;21_165_days;EpiVacCorona;-0.4068;-0.68367;-0.17546;-0.26858;-0.93266;0.16731;-0.451;-1.71111;0.22342;-0.1278;-2.02462;0.57947
2022.03_13-10-2022;Московская область;60+;21_165_days;SputnikLite;0.27082;0.22686;0.31228;0.59908;0.52498;0.66162;0.74607;0.64597;0.81787;0.77329;0.63043;0.86093
2022.03_13-10-2022;Московская область;60+;21_165_days;SputnikV;0.31133;0.26825;0.35187;0.63295;0.56111;0.69303;0.66157;0.54574;0.74786;0.82189;0.68966;0.89778
2022.03_13-10-2022;РФ;18+;21_165_days;AllVaccines;-0.0338;-0.03832;-0.0293;0.38991;0.38193;0.39778;0.62676;0.61412;0.63898;0.7174;0.70339;0.73076
2022.03_13-10-2022;РФ;18+;21_165_days;CoviVac;-0.52202;-0.56514;-0.48009;0.34436;0.27192;0.4096;0.6941;0.57768;0.77842;0.82108;0.69179;0.89614
2022.03_13-10-2022;РФ;18+;21_165_days;EpiVacCorona;-0.25289;-0.27694;-0.22928;-0.12666;-0.18377;-0.0723;0.17877;0.0726;0.27278;0.26708;0.13479;0.37915
2022.03_13-10-2022;РФ;18+;21_165_days;SputnikLite;-0.17387;-0.18068;-0.16709;0.33461;0.32242;0.34659;0.61045;0.59102;0.62896;0.70039;0.67835;0.72093
2022.03_13-10-2022;РФ;18+;21_165_days;SputnikV;0.09066;0.08548;0.09581;0.45871;0.44921;0.46805;0.66097;0.64533;0.67593;0.75154;0.73427;0.76768
2022.03_13-10-2022;РФ;18-59;21_165_days;AllVaccines;-0.06703;-0.07316;-0.06094;0.37616;0.3599;0.39201;0.59789;0.56317;0.62984;0.68564;0.63702;0.72774
2022.03_13-10-2022;РФ;18-59;21_165_days;CoviVac;-0.67824;-0.7342;-0.62409;0.1993;0.04546;0.32835;0.58091;0.19385;0.78213;0.77239;0.08902;0.94313
2022.03_13-10-2022;РФ;18-59;21_165_days;EpiVacCorona;-0.22747;-0.25984;-0.19592;0.17565;0.07279;0.26709;0.44551;0.18444;0.62301;0.42667;-0.03765;0.68322
2022.03_13-10-2022;РФ;18-59;21_165_days;SputnikLite;-0.22181;-0.23136;-0.21234;0.35086;0.3258;0.37499;0.61108;0.55749;0.65819;0.68445;0.60576;0.74743
2022.03_13-10-2022;РФ;18-59;21_165_days;SputnikV;0.05684;0.04991;0.06371;0.40664;0.38681;0.42583;0.59698;0.55232;0.63718;0.69713;0.63481;0.74881
2022.03_13-10-2022;РФ;60+;21_165_days;AllVaccines;0.05408;0.04769;0.06042;0.44734;0.43896;0.45559;0.66637;0.65401;0.67828;0.7479;0.7346;0.76053
2022.03_13-10-2022;РФ;60+;21_165_days;CoviVac;-0.49016;-0.57188;-0.41268;0.15297;0.03481;0.25665;0.59135;0.40798;0.71792;0.7478;0.54448;0.86037
2022.03_13-10-2022;РФ;60+;21_165_days;EpiVacCorona;-0.19228;-0.22595;-0.15953;-0.05782;-0.1171;-0.00169;0.25817;0.15676;0.34738;0.36077;0.24015;0.46224
2022.03_13-10-2022;РФ;60+;21_165_days;SputnikLite;-0.01291;-0.02173;-0.00416;0.45247;0.44101;0.46369;0.68688;0.66998;0.70291;0.76223;0.74373;0.77939
2022.03_13-10-2022;РФ;60+;21_165_days;SputnikV;0.13913;0.13134;0.14684;0.47783;0.46701;0.48843;0.67357;0.65685;0.68948;0.75856;0.74053;0.77533
2022.03_13-10-2022;г. Санкт-Петербург;18+;21_165_days;AllVaccines;0.26234;0.24561;0.27871;0.56377;0.53426;0.59141;0.69146;0.64248;0.73373;0.77911;0.72372;0.82339
2022.03_13-10-2022;г. Санкт-Петербург;18+;21_165_days;CoviVac;-0.67154;-0.90654;-0.4655;0.52713;0.14549;0.73832;0.67191;-0.31345;0.91805;0.71652;-1.01549;0.96013
2022.03_13-10-2022;г. Санкт-Петербург;18+;21_165_days;EpiVacCorona;-0.13675;-0.32182;0.02241;-0.15562;-0.65488;0.19301;0.70601;-0.17695;0.92656;NULL;NULL;NULL
2022.03_13-10-2022;г. Санкт-Петербург;18+;21_165_days;SputnikLite;0.21165;0.18782;0.23478;0.53383;0.49015;0.57377;0.65016;0.57307;0.71333;0.74905;0.65945;0.81507
2022.03_13-10-2022;г. Санкт-Петербург;18+;21_165_days;SputnikV;0.32751;0.3074;0.34703;0.60268;0.56589;0.63635;0.72583;0.66361;0.77654;0.801;0.72813;0.85434
2022.03_13-10-2022;г. Санкт-Петербург;18-59;21_165_days;AllVaccines;0.3443;0.32488;0.36315;0.59855;0.54735;0.64396;0.67309;0.5341;0.77062;0.73494;0.48187;0.8644
2022.03_13-10-2022;г. Санкт-Петербург;18-59;21_165_days;CoviVac;-0.81102;-1.07999;-0.57683;0.06013;-0.81042;0.51207;-0.5399;-5.20544;0.61787;-1.30985;-15.6713;0.67996
2022.03_13-10-2022;г. Санкт-Петербург;18-59;21_165_days;EpiVacCorona;0.11694;-0.09709;0.28921;NULL;NULL;NULL;NULL;NULL;NULL;NULL;NULL;NULL
2022.03_13-10-2022;г. Санкт-Петербург;18-59;21_165_days;SputnikLite;0.33015;0.30248;0.35673;0.58374;0.50634;0.64899;0.6242;0.3897;0.76859;0.6242;0.12963;0.83774
2022.03_13-10-2022;г. Санкт-Петербург;18-59;21_165_days;SputnikV;0.38281;0.35929;0.40546;0.61408;0.54883;0.66989;0.72977;0.55551;0.83571;0.85694;0.54364;0.95515
2022.03_13-10-2022;г. Санкт-Петербург;60+;21_165_days;AllVaccines;0.07292;0.03975;0.10494;0.4946;0.45355;0.53257;0.65466;0.59391;0.70632;0.75386;0.6879;0.80588
2022.03_13-10-2022;г. Санкт-Петербург;60+;21_165_days;CoviVac;-0.92717;-1.95714;-0.25593;0.41922;-1.32328;0.85482;NULL;NULL;NULL;NULL;NULL;NULL
2022.03_13-10-2022;г. Санкт-Петербург;60+;21_165_days;EpiVacCorona;-0.55728;-0.921;-0.26243;-0.67991;-1.40697;-0.17247;0.64701;-0.41349;0.91185;NULL;NULL;NULL
2022.03_13-10-2022;г. Санкт-Петербург;60+;21_165_days;SputnikLite;0.01494;-0.02958;0.05754;0.5077;0.45304;0.5569;0.65167;0.56664;0.72001;0.75913;0.66563;0.82648
2022.03_13-10-2022;г. Санкт-Петербург;60+;21_165_days;SputnikV;0.15286;0.11135;0.19243;0.50879;0.45304;0.55886;0.65641;0.56999;0.72546;0.74147;0.64253;0.81302
2022.04_13-10-2022;Московская область;18+;21_165_days;AllVaccines;-0.02042;-0.06347;0.02089;0.37458;0.28354;0.45405;0.36376;0.15344;0.52182;0.62993;0.42942;0.75997
2022.04_13-10-2022;Московская область;18+;21_165_days;CoviVac;-0.86844;-1.42429;-0.44004;-0.20386;-1.89751;0.49982;-3.31434;-10.57829;-0.60762;NULL;NULL;NULL
2022.04_13-10-2022;Московская область;18+;21_165_days;EpiVacCorona;-0.1086;-0.41494;0.13142;0.12308;-0.84335;0.58283;NULL;NULL;NULL;NULL;NULL;NULL
2022.04_13-10-2022;Московская область;18+;21_165_days;SputnikLite;-0.16727;-0.23802;-0.10056;0.24887;0.08773;0.38154;0.33309;-0.02983;0.56812;0.47563;0.06011;0.70745
2022.04_13-10-2022;Московская область;18+;21_165_days;SputnikV;0.08698;0.03733;0.13407;0.4698;0.36387;0.55808;0.42477;0.16587;0.6033;0.70577;0.45958;0.83981
2022.04_13-10-2022;Московская область;18-59;21_165_days;AllVaccines;-0.00301;-0.06016;0.05107;0.38913;0.2041;0.53115;0.44017;-0.06064;0.70451;0.58649;-0.16924;0.85376
2022.04_13-10-2022;Московская область;18-59;21_165_days;CoviVac;-0.95034;-1.7193;-0.39882;-1.55317;-6.95447;0.1805;-8.2176;-36.64409;-1.25704;NULL;NULL;NULL
2022.04_13-10-2022;Московская область;18-59;21_165_days;EpiVacCorona;-0.03511;-0.5006;0.28599;-1.25842;-5.05084;0.15707;NULL;NULL;NULL;NULL;NULL;NULL
2022.04_13-10-2022;Московская область;18-59;21_165_days;SputnikLite;-0.04514;-0.14058;0.04231;0.53983;0.24055;0.72117;0.6885;-0.27214;0.92373;0.68363;-1.3152;0.95677
2022.04_13-10-2022;Московская область;18-59;21_165_days;SputnikV;0.03535;-0.03166;0.09801;0.38856;0.158;0.55599;0.44814;-0.20347;0.74694;0.51958;-0.56885;0.85288
2022.04_13-10-2022;Московская область;60+;21_165_days;AllVaccines;0.05728;-0.00324;0.11416;0.47729;0.38754;0.55389;0.45906;0.25534;0.60705;0.70496;0.52498;0.81674
2022.04_13-10-2022;Московская область;60+;21_165_days;CoviVac;-0.6963;-1.57954;-0.11548;0.36653;-1.53698;0.84182;-1.65075;-9.67007;0.34148;NULL;NULL;NULL
2022.04_13-10-2022;Московская область;60+;21_165_days;EpiVacCorona;0.05535;-0.30597;0.31671;0.68536;0.02255;0.89872;NULL;NULL;NULL;NULL;NULL;NULL
2022.04_13-10-2022;Московская область;60+;21_165_days;SputnikLite;-0.06718;-0.15664;0.01536;0.41508;0.27704;0.52676;0.48472;0.18454;0.6744;0.62576;0.31025;0.79695
2022.04_13-10-2022;Московская область;60+;21_165_days;SputnikV;0.1824;0.10888;0.24985;0.52415;0.40608;0.61875;0.44432;0.15196;0.63589;0.75541;0.50225;0.87981
2022.04_13-10-2022;РФ;18+;21_165_days;AllVaccines;-0.14747;-0.15667;-0.13835;0.18228;0.16654;0.19772;0.45923;0.43308;0.48416;0.55299;0.522;0.58198
2022.04_13-10-2022;РФ;18+;21_165_days;CoviVac;-0.41056;-0.48837;-0.33682;0.3637;0.24657;0.46262;0.60232;0.37625;0.74645;0.81974;0.56675;0.925
2022.04_13-10-2022;РФ;18+;21_165_days;EpiVacCorona;-0.1948;-0.23718;-0.15387;-0.1212;-0.20993;-0.03898;0.238;0.07468;0.37249;0.41384;0.21647;0.56149
2022.04_13-10-2022;РФ;18+;21_165_days;SputnikLite;-0.45755;-0.47326;-0.44202;-0.02736;-0.05474;-0.0007;0.34318;0.29724;0.38611;0.4527;0.39728;0.50303
2022.04_13-10-2022;РФ;18+;21_165_days;SputnikV;0.04862;0.03867;0.05845;0.32327;0.30588;0.34022;0.53949;0.5094;0.56773;0.61639;0.58016;0.64948
2022.04_13-10-2022;РФ;18-59;21_165_days;AllVaccines;-0.14264;-0.15523;-0.13019;0.24772;0.21972;0.27472;0.42525;0.36291;0.48149;0.48786;0.39382;0.56731
2022.04_13-10-2022;РФ;18-59;21_165_days;CoviVac;-0.56131;-0.66636;-0.46287;0.13084;-0.11551;0.32278;0.19059;-0.55799;0.57949;0.34218;-1.04396;0.78829
2022.04_13-10-2022;РФ;18-59;21_165_days;EpiVacCorona;-0.15997;-0.21907;-0.10374;0.02998;-0.13319;0.16964;0.30426;-0.10665;0.56259;0.43456;-0.26241;0.74674
2022.04_13-10-2022;РФ;18-59;21_165_days;SputnikLite;-0.44502;-0.46722;-0.42315;0.1307;0.08204;0.17679;0.38292;0.27496;0.47481;0.45461;0.28798;0.58225
2022.04_13-10-2022;РФ;18-59;21_165_days;SputnikV;0.03144;0.01782;0.04486;0.32543;0.29333;0.35606;0.46009;0.38532;0.52577;0.51208;0.39697;0.60522
2022.04_13-10-2022;РФ;60+;21_165_days;AllVaccines;-0.09128;-0.10408;-0.07863;0.22706;0.20958;0.24416;0.51594;0.48953;0.54098;0.60475;0.57478;0.6326
2022.04_13-10-2022;РФ;60+;21_165_days;CoviVac;-0.4521;-0.59678;-0.32052;0.28394;0.09905;0.43089;0.61511;0.28437;0.79299;0.87687;0.50755;0.96921
2022.04_13-10-2022;РФ;60+;21_165_days;EpiVacCorona;-0.1224;-0.17868;-0.0688;-0.01556;-0.1083;0.06941;0.33845;0.18074;0.46579;0.50204;0.32022;0.63522
2022.04_13-10-2022;РФ;60+;21_165_days;SputnikLite;-0.29614;-0.31585;-0.27672;0.11718;0.09021;0.14335;0.46772;0.42655;0.50593;0.5665;0.51924;0.60912
2022.04_13-10-2022;РФ;60+;21_165_days;SputnikV;0.07416;0.05962;0.08847;0.32793;0.30727;0.34797;0.56407;0.53127;0.59458;0.63759;0.59956;0.67201
2022.04_13-10-2022;г. Санкт-Петербург;18+;21_165_days;AllVaccines;0.08515;0.05141;0.1177;0.42356;0.37245;0.4705;0.57683;0.4871;0.65087;0.72489;0.6346;0.79287
2022.04_13-10-2022;г. Санкт-Петербург;18+;21_165_days;CoviVac;-0.29478;-0.72982;0.03085;0.89004;0.21914;0.98452;NULL;NULL;NULL;NULL;NULL;NULL
2022.04_13-10-2022;г. Санкт-Петербург;18+;21_165_days;EpiVacCorona;-0.21592;-0.54617;0.0438;0.00744;-0.67841;0.41303;-0.41563;-2.41324;0.41287;0.57392;-2.03203;0.94013
2022.04_13-10-2022;г. Санкт-Петербург;18+;21_165_days;SputnikLite;-0.02539;-0.07692;0.02367;0.34629;0.26468;0.41884;0.59132;0.4533;0.69449;0.76152;0.62223;0.84945
2022.04_13-10-2022;г. Санкт-Петербург;18+;21_165_days;SputnikV;0.17462;0.13537;0.2121;0.48055;0.41916;0.53546;0.58158;0.46505;0.67273;0.69846;0.57216;0.78748
2022.04_13-10-2022;г. Санкт-Петербург;18-59;21_165_days;AllVaccines;0.1742;0.13258;0.21381;0.45272;0.36118;0.53113;0.5598;0.31492;0.71715;0.73837;0.42457;0.88105
2022.04_13-10-2022;г. Санкт-Петербург;18-59;21_165_days;CoviVac;-0.55819;-1.11093;-0.15019;NULL;NULL;NULL;NULL;NULL;NULL;NULL;NULL;NULL
2022.04_13-10-2022;г. Санкт-Петербург;18-59;21_165_days;EpiVacCorona;-0.10161;-0.54336;0.2137;-0.17943;-1.84197;0.51054;-2.24124;-12.12649;0.19966;NULL;NULL;NULL
2022.04_13-10-2022;г. Санкт-Петербург;18-59;21_165_days;SputnikLite;0.11642;0.05232;0.17618;0.46628;0.32417;0.5785;0.75876;0.40866;0.90158;0.90168;0.28907;0.9864
2022.04_13-10-2022;г. Санкт-Петербург;18-59;21_165_days;SputnikV;0.22819;0.17939;0.2741;0.44702;0.33121;0.54278;0.47914;0.1314;0.68767;0.6254;0.12861;0.83896
2022.04_13-10-2022;г. Санкт-Петербург;60+;21_165_days;AllVaccines;-0.10003;-0.16063;-0.0426;0.35013;0.28059;0.41295;0.53302;0.42182;0.62283;0.69026;0.58012;0.77151
2022.04_13-10-2022;г. Санкт-Петербург;60+;21_165_days;CoviVac;-0.17949;-2.14411;0.55752;0.27972;-4.11623;0.8986;NULL;NULL;NULL;NULL;NULL;NULL
2022.04_13-10-2022;г. Санкт-Петербург;60+;21_165_days;EpiVacCorona;-0.35266;-0.90523;0.03965;0.09887;-0.73486;0.53193;-0.0151;-2.15796;0.6737;0.51771;-2.43329;0.93225
2022.04_13-10-2022;г. Санкт-Петербург;60+;21_165_days;SputnikLite;-0.1824;-0.26679;-0.10362;0.31686;0.21745;0.40363;0.57139;0.41676;0.68503;0.75008;0.59871;0.84435
2022.04_13-10-2022;г. Санкт-Петербург;60+;21_165_days;SputnikV;-0.01628;-0.09131;0.05358;0.38811;0.29743;0.46708;0.51024;0.35161;0.63007;0.63803;0.46819;0.75363
2022.05_01-07-2022;Московская область;18+;21_165_days;AllVaccines;0.24839;0.20167;0.29237;0.4468;0.34491;0.53283;0.34712;0.04895;0.55182;0.69292;0.46788;0.82278
2022.05_01-07-2022;Московская область;18+;21_165_days;CoviVac;-0.10167;-0.709;0.28983;NULL;NULL;NULL;NULL;NULL;NULL;NULL;NULL;NULL
2022.05_01-07-2022;Московская область;18+;21_165_days;EpiVacCorona;0.054;-0.33207;0.32817;-0.05019;-1.34405;0.52949;0.00472;-6.11089;0.8607;-1.20692;-7.91299;0.45355
2022.05_01-07-2022;Московская область;18+;21_165_days;SputnikLite;0.21072;0.13564;0.27927;0.40469;0.23123;0.53902;0.30149;-0.23049;0.60348;0.76171;0.35609;0.91182
2022.05_01-07-2022;Московская область;18+;21_165_days;SputnikV;0.28389;0.2272;0.33642;0.47948;0.35331;0.58102;0.37514;-0.00654;0.61209;0.7083;0.40506;0.85698
2022.05_01-07-2022;Московская область;18-59;21_165_days;AllVaccines;0.26337;0.203;0.31916;0.57848;0.41661;0.69544;0.26434;-0.58264;0.65805;0.61802;-0.26199;0.88438
2022.05_01-07-2022;Московская область;18-59;21_165_days;CoviVac;-0.32258;-1.19627;0.20355;NULL;NULL;NULL;NULL;NULL;NULL;NULL;NULL;NULL
2022.05_01-07-2022;Московская область;18-59;21_165_days;EpiVacCorona;0.18096;-0.38441;0.51544;NULL;NULL;NULL;NULL;NULL;NULL;NULL;NULL;NULL
2022.05_01-07-2022;Московская область;18-59;21_165_days;SputnikLite;0.2793;0.17893;0.36741;0.6539;0.36875;0.81024;0.71857;-1.05261;0.96141;NULL;NULL;NULL
2022.05_01-07-2022;Московская область;18-59;21_165_days;SputnikV;0.26744;0.1944;0.33386;0.52225;0.30547;0.67136;0.00291;-1.24051;0.55627;0.40832;-0.95482;0.82091
2022.05_01-07-2022;Московская область;60+;21_165_days;AllVaccines;0.28682;0.21648;0.35084;0.47809;0.36323;0.57223;0.48209;0.20237;0.66372;0.76195;0.55779;0.87185
2022.05_01-07-2022;Московская область;60+;21_165_days;CoviVac;0.28499;-0.71981;0.70273;NULL;NULL;NULL;NULL;NULL;NULL;NULL;NULL;NULL
2022.05_01-07-2022;Московская область;60+;21_165_days;EpiVacCorona;0.09971;-0.41458;0.42703;0.0091;-1.21528;0.55676;0.22647;-4.53708;0.89194;-0.61612;-5.54205;0.60076
2022.05_01-07-2022;Московская область;60+;21_165_days;SputnikLite;0.25483;0.1532;0.34426;0.49606;0.33028;0.6208;0.45531;0.01335;0.6993;0.81033;0.4858;0.93004
2022.05_01-07-2022;Московская область;60+;21_165_days;SputnikV;0.32546;0.23378;0.40617;0.47755;0.31798;0.59978;0.51059;0.11348;0.72982;0.78698;0.4782;0.91303
2022.05_01-07-2022;РФ;18+;21_165_days;AllVaccines;0.07943;0.06859;0.09014;0.288;0.27041;0.30517;0.4731;0.4421;0.50238;0.53588;0.49584;0.57275
2022.05_01-07-2022;РФ;18+;21_165_days;CoviVac;-0.11944;-0.2149;-0.03149;0.40793;0.26745;0.52147;0.57888;0.28855;0.75073;0.60276;0.16611;0.81076
2022.05_01-07-2022;РФ;18+;21_165_days;EpiVacCorona;-0.05451;-0.10902;-0.00267;-0.0433;-0.14843;0.05222;0.05205;-0.1685;0.23098;0.13595;-0.16723;0.36038
2022.05_01-07-2022;РФ;18+;21_165_days;SputnikLite;-0.00834;-0.02562;0.00865;0.22924;0.20078;0.25668;0.44712;0.39649;0.49351;0.46885;0.39956;0.53014
2022.05_01-07-2022;РФ;18+;21_165_days;SputnikV;0.14454;0.13184;0.15706;0.34043;0.31954;0.36067;0.51115;0.47368;0.54595;0.59841;0.55134;0.64054
2022.05_01-07-2022;РФ;18-59;21_165_days;AllVaccines;0.05946;0.04457;0.07413;0.35761;0.3283;0.38564;0.56102;0.50144;0.61347;0.60226;0.51031;0.67694
2022.05_01-07-2022;РФ;18-59;21_165_days;CoviVac;-0.28472;-0.41432;-0.16701;0.31623;0.05567;0.50489;0.67029;-0.02337;0.89378;0.46054;-1.16162;0.86537
2022.05_01-07-2022;РФ;18-59;21_165_days;EpiVacCorona;0.00399;-0.07015;0.073;0.08562;-0.09897;0.2392;0.38529;-0.061;0.64386;0.5358;-0.24058;0.82631
2022.05_01-07-2022;РФ;18-59;21_165_days;SputnikLite;0.01098;-0.01308;0.03447;0.40572;0.35987;0.44828;0.62352;0.52872;0.69926;0.56111;0.39124;0.68358
2022.05_01-07-2022;РФ;18-59;21_165_days;SputnikV;0.09665;0.07911;0.11385;0.34719;0.3109;0.38157;0.53413;0.4571;0.60024;0.63138;0.51876;0.71764
2022.05_01-07-2022;РФ;60+;21_165_days;AllVaccines;0.14786;0.13278;0.16268;0.31542;0.29514;0.33512;0.49519;0.46179;0.52653;0.56533;0.52426;0.60285
2022.05_01-07-2022;РФ;60+;21_165_days;CoviVac;-0.02452;-0.19774;0.12364;0.26635;0.02611;0.44732;0.36231;-0.15224;0.64708;0.49114;-0.22351;0.78836
2022.05_01-07-2022;РФ;60+;21_165_days;EpiVacCorona;-0.02618;-0.10147;0.04396;0.04487;-0.06897;0.14658;0.10609;-0.12121;0.28731;0.1947;-0.10461;0.4129
2022.05_01-07-2022;РФ;60+;21_165_days;SputnikLite;0.08645;0.06418;0.1082;0.30589;0.27636;0.33421;0.51581;0.46735;0.55986;0.56211;0.50015;0.61639
2022.05_01-07-2022;РФ;60+;21_165_days;SputnikV;0.20976;0.19139;0.22772;0.34213;0.31655;0.36674;0.50793;0.46463;0.54772;0.5944;0.54183;0.64094
2022.05_01-07-2022;г. Санкт-Петербург;18+;21_165_days;AllVaccines;0.31662;0.27902;0.35225;0.50427;0.4486;0.55432;0.60978;0.51;0.68924;0.65338;0.5264;0.74632
2022.05_01-07-2022;г. Санкт-Петербург;18+;21_165_days;CoviVac;0.05405;-0.48419;0.3971;0.69388;-0.22498;0.9235;NULL;NULL;NULL;NULL;NULL;NULL
2022.05_01-07-2022;г. Санкт-Петербург;18+;21_165_days;EpiVacCorona;-0.05908;-0.49127;0.24785;0.112;-0.7095;0.53873;0.25863;-1.97306;0.81513;0.37011;-3.48744;0.91158
2022.05_01-07-2022;г. Санкт-Петербург;18+;21_165_days;SputnikLite;0.21853;0.15917;0.27369;0.42409;0.33296;0.50278;0.53012;0.35788;0.65616;0.4615;0.21052;0.6327
2022.05_01-07-2022;г. Санкт-Петербург;18+;21_165_days;SputnikV;0.39725;0.35323;0.43827;0.56652;0.49999;0.6242;0.66811;0.54646;0.75714;0.79015;0.65264;0.87323
2022.05_01-07-2022;г. Санкт-Петербург;18-59;21_165_days;AllVaccines;0.41069;0.36506;0.45304;0.64716;0.56782;0.71193;0.63784;0.40944;0.77791;0.62496;0.15878;0.8328
2022.05_01-07-2022;г. Санкт-Петербург;18-59;21_165_days;CoviVac;-0.06427;-0.73946;0.34884;0.35119;-1.59994;0.83809;NULL;NULL;NULL;NULL;NULL;NULL
2022.05_01-07-2022;г. Санкт-Петербург;18-59;21_165_days;EpiVacCorona;0.01263;-0.5904;0.38701;NULL;NULL;NULL;NULL;NULL;NULL;NULL;NULL;NULL
2022.05_01-07-2022;г. Санкт-Петербург;18-59;21_165_days;SputnikLite;0.38386;0.31233;0.44796;0.61172;0.47612;0.71223;0.59874;0.17637;0.80451;0.43607;-0.58214;0.79899
2022.05_01-07-2022;г. Санкт-Петербург;18-59;21_165_days;SputnikV;0.44309;0.38815;0.4931;0.66786;0.56876;0.74418;0.64983;0.34813;0.81189;0.73156;0.12941;0.91723
2022.05_01-07-2022;г. Санкт-Петербург;60+;21_165_days;AllVaccines;0.13928;0.07029;0.20314;0.36598;0.28121;0.44076;0.55769;0.42791;0.65803;0.6182;0.46441;0.72784
2022.05_01-07-2022;г. Санкт-Петербург;60+;21_165_days;CoviVac;-0.53772;-3.77106;0.50439;NULL;NULL;NULL;NULL;NULL;NULL;NULL;NULL;NULL
2022.05_01-07-2022;г. Санкт-Петербург;60+;21_165_days;EpiVacCorona;-0.13982;-0.86356;0.30285;-0.34675;-1.59498;0.30106;0.06199;-2.76481;0.76629;0.28374;-4.10562;0.89952
2022.05_01-07-2022;г. Санкт-Петербург;60+;21_165_days;SputnikLite;0.03582;-0.06436;0.12658;0.34502;0.22426;0.44698;0.5273;0.33134;0.66583;0.48435;0.22147;0.65847
2022.05_01-07-2022;г. Санкт-Петербург;60+;21_165_days;SputnikV;0.24559;0.16089;0.32175;0.40225;0.29098;0.49605;0.59764;0.4225;0.71966;0.75036;0.56376;0.85715
2022.06_18-07-2022;Московская область;18+;21_165_days;AllVaccines;0.25094;0.2014;0.2974;0.50175;0.39301;0.59101;0.65007;0.35435;0.81034;0.71174;0.43498;0.85294
2022.06_18-07-2022;Московская область;18+;21_165_days;CoviVac;-0.11362;-0.8188;0.31815;0.07748;-2.69359;0.76959;NULL;NULL;NULL;NULL;NULL;NULL
2022.06_18-07-2022;Московская область;18+;21_165_days;EpiVacCorona;0.23339;-0.14454;0.48653;0.15326;-1.26035;0.6828;NULL;NULL;NULL;NULL;NULL;NULL
2022.06_18-07-2022;Московская область;18+;21_165_days;SputnikLite;0.20777;0.13015;0.27846;0.47497;0.2967;0.60806;0.76677;0.26856;0.92563;0.68691;0.15469;0.88404
2022.06_18-07-2022;Московская область;18+;21_165_days;SputnikV;0.28966;0.22661;0.34757;0.54232;0.40109;0.65024;0.54497;0.07315;0.77661;0.71367;0.30184;0.88257
2022.06_18-07-2022;Московская область;18-59;21_165_days;AllVaccines;0.23865;0.17567;0.29682;0.62903;0.4591;0.74557;0.64836;-0.13341;0.89091;0.7984;-0.48785;0.97268
2022.06_18-07-2022;Московская область;18-59;21_165_days;CoviVac;-0.22312;-1.1553;0.30589;-0.1988;-7.53158;0.83155;NULL;NULL;NULL;NULL;NULL;NULL
2022.06_18-07-2022;Московская область;18-59;21_165_days;EpiVacCorona;-0.07474;-0.70735;0.32347;-0.4045;-4.63556;0.64997;NULL;NULL;NULL;NULL;NULL;NULL
2022.06_18-07-2022;Московская область;18-59;21_165_days;SputnikLite;0.20747;0.10438;0.29868;0.62303;0.31371;0.79294;0.68599;-1.28013;0.95676;0.45991;-2.98588;0.92682
2022.06_18-07-2022;Московская область;18-59;21_165_days;SputnikV;0.27592;0.19786;0.34638;0.67904;0.4625;0.80834;0.60788;-0.61865;0.90501;NULL;NULL;NULL
2022.06_18-07-2022;Московская область;60+;21_165_days;AllVaccines;0.29989;0.21989;0.37168;0.4999;0.369;0.60365;0.69708;0.37839;0.85239;0.73929;0.4669;0.8725
2022.06_18-07-2022;Московская область;60+;21_165_days;CoviVac;0.11859;-1.35054;0.66949;0.24055;-4.3997;0.89318;NULL;NULL;NULL;NULL;NULL;NULL
2022.06_18-07-2022;Московская область;60+;21_165_days;EpiVacCorona;0.62534;0.16515;0.83187;0.56958;-0.72469;0.89258;NULL;NULL;NULL;NULL;NULL;NULL
2022.06_18-07-2022;Московская область;60+;21_165_days;SputnikLite;0.26477;0.14967;0.36429;0.53927;0.35543;0.67068;0.84496;0.37189;0.96173;0.79985;0.37079;0.93633
2022.06_18-07-2022;Московская область;60+;21_165_days;SputnikV;0.31927;0.20692;0.4157;0.45959;0.2589;0.60593;0.52097;-0.09057;0.78959;0.65644;0.15977;0.85952
2022.06_18-07-2022;РФ;18+;21_165_days;AllVaccines;0.08482;0.07039;0.09903;0.2117;0.18552;0.23705;0.3803;0.33135;0.42567;0.50625;0.44509;0.56067
2022.06_18-07-2022;РФ;18+;21_165_days;CoviVac;-0.03713;-0.16075;0.07334;0.47342;0.28192;0.61385;0.70959;0.30196;0.87918;0.55094;-0.1974;0.83159
2022.06_18-07-2022;РФ;18+;21_165_days;EpiVacCorona;-0.00761;-0.07763;0.05785;-0.06245;-0.20819;0.06571;0.2021;-0.08914;0.41546;0.11323;-0.33691;0.41181
2022.06_18-07-2022;РФ;18+;21_165_days;SputnikLite;0.02268;-0.00022;0.04506;0.19047;0.14928;0.22967;0.39657;0.31988;0.46461;0.54825;0.45323;0.62676
2022.06_18-07-2022;РФ;18+;21_165_days;SputnikV;0.136;0.11816;0.15348;0.23906;0.20603;0.27072;0.37406;0.30992;0.43223;0.50506;0.42428;0.57451
2022.06_18-07-2022;РФ;18-59;21_165_days;AllVaccines;0.06356;0.04416;0.08255;0.26613;0.22268;0.30715;0.41555;0.31508;0.50128;0.55441;0.40853;0.66431
2022.06_18-07-2022;РФ;18-59;21_165_days;CoviVac;-0.13385;-0.29479;0.00709;0.46767;0.13064;0.67404;0.58428;-0.66409;0.89614;-0.04056;-3.17221;0.74048
2022.06_18-07-2022;РФ;18-59;21_165_days;EpiVacCorona;0.00408;-0.09223;0.09189;0.09979;-0.15128;0.2961;0.03335;-0.75005;0.46606;0.34012;-1.05298;0.7879
2022.06_18-07-2022;РФ;18-59;21_165_days;SputnikLite;0.01164;-0.01959;0.04192;0.29888;0.2309;0.36085;0.54909;0.40012;0.66106;0.56236;0.30802;0.72322
2022.06_18-07-2022;РФ;18-59;21_165_days;SputnikV;0.1056;0.08169;0.12888;0.25088;0.19463;0.30321;0.35207;0.21385;0.46598;0.58007;0.38936;0.71122
2022.06_18-07-2022;РФ;60+;21_165_days;AllVaccines;0.15919;0.13857;0.17931;0.26433;0.23449;0.29299;0.43839;0.38755;0.48501;0.55308;0.49195;0.60686
2022.06_18-07-2022;РФ;60+;21_165_days;CoviVac;0.02992;-0.2002;0.21591;0.33877;0.01315;0.55695;0.68706;0.02926;0.89912;0.62583;-0.49713;0.90648
2022.06_18-07-2022;РФ;60+;21_165_days;EpiVacCorona;0.07045;-0.02524;0.15721;0.05254;-0.10169;0.18517;0.39163;0.12329;0.57784;0.24751;-0.16888;0.51556
2022.06_18-07-2022;РФ;60+;21_165_days;SputnikLite;0.1123;0.08092;0.14261;0.26619;0.22169;0.30814;0.45817;0.38177;0.52512;0.62369;0.53575;0.69497
2022.06_18-07-2022;РФ;60+;21_165_days;SputnikV;0.20458;0.17845;0.22988;0.27941;0.24057;0.31625;0.42303;0.35402;0.48467;0.52361;0.43797;0.5962
2022.06_18-07-2022;г. Санкт-Петербург;18+;21_165_days;AllVaccines;0.26092;0.2056;0.31239;0.41322;0.32825;0.48745;0.57593;0.43457;0.68195;0.63612;0.43561;0.76539
2022.06_18-07-2022;г. Санкт-Петербург;18+;21_165_days;CoviVac;0.69143;0.04289;0.90052;NULL;NULL;NULL;NULL;NULL;NULL;NULL;NULL;NULL
2022.06_18-07-2022;г. Санкт-Петербург;18+;21_165_days;EpiVacCorona;0.13855;-0.45578;0.49025;-0.06717;-1.37925;0.52134;-0.21127;-3.85872;0.69803;-1.45666;-8.88656;0.38956
2022.06_18-07-2022;г. Санкт-Петербург;18+;21_165_days;SputnikLite;0.23281;0.14626;0.3106;0.36206;0.22239;0.47665;0.50349;0.25107;0.67083;0.74825;0.43333;0.88816
2022.06_18-07-2022;г. Санкт-Петербург;18+;21_165_days;SputnikV;0.27677;0.2072;0.34024;0.45072;0.34446;0.53976;0.6371;0.46089;0.75571;0.60368;0.31939;0.76922
2022.06_18-07-2022;г. Санкт-Петербург;18-59;21_165_days;AllVaccines;0.29792;0.22731;0.36208;0.4481;0.30863;0.55944;0.6687;0.34308;0.83292;0.43556;-0.62675;0.80415
2022.06_18-07-2022;г. Санкт-Петербург;18-59;21_165_days;CoviVac;0.73142;-0.0745;0.93287;NULL;NULL;NULL;NULL;NULL;NULL;NULL;NULL;NULL
2022.06_18-07-2022;г. Санкт-Петербург;18-59;21_165_days;EpiVacCorona;0.24081;-0.59417;0.63845;NULL;NULL;NULL;NULL;NULL;NULL;NULL;NULL;NULL
2022.06_18-07-2022;г. Санкт-Петербург;18-59;21_165_days;SputnikLite;0.33194;0.22151;0.42671;0.46918;0.23765;0.63039;0.49747;-0.23606;0.79569;0.61473;-1.84789;0.94788
2022.06_18-07-2022;г. Санкт-Петербург;18-59;21_165_days;SputnikV;0.27137;0.18131;0.35152;0.41451;0.23076;0.55437;0.75884;0.34376;0.91138;0.30666;-1.30249;0.79122
2022.06_18-07-2022;г. Санкт-Петербург;60+;21_165_days;AllVaccines;0.17203;0.076;0.25808;0.3448;0.22409;0.44674;0.50863;0.32519;0.6422;0.62997;0.39993;0.77183
2022.06_18-07-2022;г. Санкт-Петербург;60+;21_165_days;CoviVac;-0.09385;-6.76946;0.846;NULL;NULL;NULL;NULL;NULL;NULL;NULL;NULL;NULL
2022.06_18-07-2022;г. Санкт-Петербург;60+;21_165_days;EpiVacCorona;0.01365;-1.07192;0.53044;-0.64912;-2.6802;0.26102;-0.50522;-5.04309;0.62508;-1.70781;-9.90641;0.32771
2022.06_18-07-2022;г. Санкт-Петербург;60+;21_165_days;SputnikLite;0.13672;-0.00279;0.25682;0.34069;0.1646;0.47967;0.53647;0.26423;0.70798;0.78056;0.46669;0.90971
2022.06_18-07-2022;г. Санкт-Петербург;60+;21_165_days;SputnikV;0.20986;0.08249;0.31954;0.37539;0.21197;0.50492;0.51133;0.24792;0.68249;0.56046;0.19275;0.76067
2022.07_16-08-2022;Московская область;18+;21_165_days;AllVaccines;0.15663;0.11491;0.19639;0.50168;0.39715;0.58809;0.30844;0.0358;0.50399;0.69094;0.3418;0.85488
2022.07_16-08-2022;Московская область;18+;21_165_days;CoviVac;-0.22521;-0.86126;0.19349;NULL;NULL;NULL;NULL;NULL;NULL;NULL;NULL;NULL
2022.07_16-08-2022;Московская область;18+;21_165_days;EpiVacCorona;0.23055;-0.03096;0.42573;0.67205;-0.31231;0.91804;NULL;NULL;NULL;NULL;NULL;NULL
2022.07_16-08-2022;Московская область;18+;21_165_days;SputnikLite;0.14826;0.08932;0.20338;0.43202;0.26961;0.55831;0.18148;-0.25694;0.46697;0.63895;0.02688;0.86604
2022.07_16-08-2022;Московская область;18+;21_165_days;SputnikV;0.1677;0.10865;0.22283;0.55503;0.40718;0.666;0.38789;-0.00865;0.62854;0.72156;0.12802;0.91109
2022.07_16-08-2022;Московская область;18-59;21_165_days;AllVaccines;0.13116;0.07998;0.1795;0.53439;0.36437;0.65893;0.61478;0.21666;0.81056;0.77575;-0.63686;0.96928
2022.07_16-08-2022;Московская область;18-59;21_165_days;CoviVac;-0.41713;-1.22251;0.09641;NULL;NULL;NULL;NULL;NULL;NULL;NULL;NULL;NULL
2022.07_16-08-2022;Московская область;18-59;21_165_days;EpiVacCorona;0.14078;-0.22944;0.39952;0.52419;-2.38241;0.93307;NULL;NULL;NULL;NULL;NULL;NULL
2022.07_16-08-2022;Московская область;18-59;21_165_days;SputnikLite;0.13607;0.0619;0.20437;0.46932;0.18884;0.65282;0.47613;-0.27553;0.78484;0.51205;-2.56163;0.93315
2022.07_16-08-2022;Московская область;18-59;21_165_days;SputnikV;0.13594;0.06537;0.20119;0.58551;0.34627;0.73719;0.71573;0.10942;0.90926;NULL;NULL;NULL
2022.07_16-08-2022;Московская область;60+;21_165_days;AllVaccines;0.21659;0.14291;0.28395;0.52569;0.39652;0.62721;0.20159;-0.16627;0.45343;0.70566;0.33313;0.87009
2022.07_16-08-2022;Московская область;60+;21_165_days;CoviVac;0.33826;-1.05256;0.78665;NULL;NULL;NULL;NULL;NULL;NULL;NULL;NULL;NULL
2022.07_16-08-2022;Московская область;60+;21_165_days;EpiVacCorona;0.37131;-0.04372;0.62131;0.80986;-0.35116;0.97324;NULL;NULL;NULL;NULL;NULL;NULL
2022.07_16-08-2022;Московская область;60+;21_165_days;SputnikLite;0.17767;0.0775;0.26696;0.50819;0.32784;0.64015;0.18761;-0.32799;0.50303;0.73574;0.17027;0.91584
2022.07_16-08-2022;Московская область;60+;21_165_days;SputnikV;0.25505;0.14254;0.35279;0.51721;0.30155;0.66628;0.13781;-0.50597;0.50638;0.63325;-0.15156;0.8832
2022.07_16-08-2022;РФ;18+;21_165_days;AllVaccines;0.10985;0.09752;0.122;0.18911;0.15664;0.22032;0.31923;0.25266;0.37987;0.40949;0.30881;0.4955
2022.07_16-08-2022;РФ;18+;21_165_days;CoviVac;-0.09041;-0.19087;0.00157;0.38997;0.15783;0.55811;0.60248;0.04453;0.83461;0.80132;-0.41111;0.97203
2022.07_16-08-2022;РФ;18+;21_165_days;EpiVacCorona;0.32063;0.27571;0.36276;-0.1088;-0.2722;0.03361;0.08714;-0.27287;0.34533;-0.10803;-0.78596;0.31257
2022.07_16-08-2022;РФ;18+;21_165_days;SputnikLite;0.00599;-0.0137;0.0253;0.21904;0.17055;0.2647;0.37746;0.27851;0.46284;0.45592;0.30217;0.57579
2022.07_16-08-2022;РФ;18+;21_165_days;SputnikV;0.17805;0.16199;0.19379;0.18937;0.14497;0.23147;0.28705;0.19258;0.37047;0.41294;0.27152;0.52691
2022.07_16-08-2022;РФ;18-59;21_165_days;AllVaccines;0.11295;0.09744;0.12819;0.29132;0.24161;0.33777;0.4363;0.3146;0.53639;0.56437;0.33053;0.71654
2022.07_16-08-2022;РФ;18-59;21_165_days;CoviVac;-0.19428;-0.31893;-0.08141;0.16082;-0.27507;0.4477;0.74323;-0.82407;0.96385;NULL;NULL;NULL
2022.07_16-08-2022;РФ;18-59;21_165_days;EpiVacCorona;0.36725;0.3097;0.42001;0.16169;-0.09537;0.35842;0.16397;-0.67492;0.5827;0.20708;-2.18191;0.80241
2022.07_16-08-2022;РФ;18-59;21_165_days;SputnikLite;0.0289;0.00459;0.05262;0.32423;0.25021;0.39094;0.48223;0.29633;0.61901;0.48554;0.06318;0.71748
2022.07_16-08-2022;РФ;18-59;21_165_days;SputnikV;0.17048;0.14992;0.19054;0.28182;0.2121;0.34537;0.41244;0.23443;0.54906;0.64805;0.31839;0.81827
2022.07_16-08-2022;РФ;60+;21_165_days;AllVaccines;0.12986;0.10995;0.14933;0.22521;0.18693;0.26169;0.36902;0.29826;0.43264;0.46267;0.36351;0.54638
2022.07_16-08-2022;РФ;60+;21_165_days;CoviVac;0.14517;-0.03519;0.29411;0.49885;0.16851;0.69796;0.45988;-0.43989;0.7974;0.70387;-1.10353;0.95831
2022.07_16-08-2022;РФ;60+;21_165_days;EpiVacCorona;0.29206;0.22186;0.35592;-0.01314;-0.18934;0.13694;0.26782;-0.06918;0.4986;0.10793;-0.48318;0.46346
2022.07_16-08-2022;РФ;60+;21_165_days;SputnikLite;-0.01396;-0.04717;0.0182;0.22158;0.16182;0.27709;0.39892;0.28875;0.49203;0.5045;0.34858;0.6231
2022.07_16-08-2022;РФ;60+;21_165_days;SputnikV;0.21705;0.19192;0.2414;0.24923;0.19859;0.29667;0.35654;0.25903;0.44122;0.46735;0.33055;0.5762
2022.07_16-08-2022;г. Санкт-Петербург;18+;21_165_days;AllVaccines;0.14083;0.09765;0.18193;0.38852;0.2822;0.47909;0.5521;0.33509;0.69828;0.79505;0.44704;0.92404
2022.07_16-08-2022;г. Санкт-Петербург;18+;21_165_days;CoviVac;-0.34093;-0.87731;0.0422;0.38248;-1.47075;0.84566;NULL;NULL;NULL;NULL;NULL;NULL
2022.07_16-08-2022;г. Санкт-Петербург;18+;21_165_days;EpiVacCorona;0.19272;-0.21517;0.46369;0.17565;-1.55802;0.73434;NULL;NULL;NULL;-2.70693;-25.48243;0.48111
2022.07_16-08-2022;г. Санкт-Петербург;18+;21_165_days;SputnikLite;0.13154;0.06751;0.19117;0.34231;0.17435;0.4761;0.7288;0.42794;0.87143;NULL;NULL;NULL
2022.07_16-08-2022;г. Санкт-Петербург;18+;21_165_days;SputnikV;0.15847;0.10063;0.21259;0.43304;0.29024;0.54711;0.38152;0.02143;0.6091;0.70955;0.08958;0.90734
2022.07_16-08-2022;г. Санкт-Петербург;18-59;21_165_days;AllVaccines;0.22972;0.18119;0.27537;0.47515;0.31834;0.59588;0.41544;-0.15082;0.70308;0.6103;-1.90374;0.9477
2022.07_16-08-2022;г. Санкт-Петербург;18-59;21_165_days;CoviVac;-0.27363;-0.82245;0.10991;-0.09057;-3.36735;0.72768;NULL;NULL;NULL;NULL;NULL;NULL
2022.07_16-08-2022;г. Санкт-Петербург;18-59;21_165_days;EpiVacCorona;0.28541;-0.20695;0.57692;0.34441;-3.65879;0.90775;NULL;NULL;NULL;-28.20639;-216.62055;-2.91973
2022.07_16-08-2022;г. Санкт-Петербург;18-59;21_165_days;SputnikLite;0.24299;0.17037;0.30924;0.47002;0.21727;0.64115;0.84865;-0.08316;0.97885;NULL;NULL;NULL
2022.07_16-08-2022;г. Санкт-Петербург;18-59;21_165_days;SputnikV;0.23274;0.16764;0.29275;0.49919;0.28354;0.64993;0.04038;-0.96296;0.53088;NULL;NULL;NULL
2022.07_16-08-2022;г. Санкт-Петербург;60+;21_165_days;AllVaccines;-0.08023;-0.17295;0.00517;0.30021;0.14265;0.42881;0.5855;0.32539;0.74532;0.81524;0.41992;0.94115
2022.07_16-08-2022;г. Санкт-Петербург;60+;21_165_days;CoviVac;-1.36715;-5.30955;0.11192;NULL;NULL;NULL;NULL;NULL;NULL;NULL;NULL;NULL
2022.07_16-08-2022;г. Санкт-Петербург;60+;21_165_days;EpiVacCorona;-0.01064;-0.94352;0.47446;0.07807;-2.69053;0.76969;NULL;NULL;NULL;NULL;NULL;NULL
2022.07_16-08-2022;г. Санкт-Петербург;60+;21_165_days;SputnikLite;-0.11281;-0.24623;0.00633;0.26968;0.03348;0.44816;0.69764;0.32225;0.86511;NULL;NULL;NULL
2022.07_16-08-2022;г. Санкт-Петербург;60+;21_165_days;SputnikV;-0.04332;-0.17061;0.07013;0.33255;0.10934;0.49982;0.46173;0.01881;0.70471;0.62919;-0.16418;0.88189
2022.08_16-09-2022.X;Московская область;18+;21_165_days;AllVaccines;0.06664;0.04009;0.09246;0.54562;0.46931;0.61096;0.32058;0.11006;0.48131;0.51516;0.17192;0.71613
2022.08_16-09-2022.X;Московская область;18+;21_165_days;CoviVac;-0.33535;-0.69093;-0.05455;0.69925;-1.13556;0.95765;NULL;NULL;NULL;NULL;NULL;NULL
2022.08_16-09-2022.X;Московская область;18+;21_165_days;EpiVacCorona;0.36047;0.24088;0.46122;0.39307;-0.21446;0.69669;-0.34507;-2.59159;0.49627;-1.87955;-7.97609;0.07623
2022.08_16-09-2022.X;Московская область;18+;21_165_days;SputnikLite;0.00721;-0.03551;0.04817;0.48389;0.35145;0.58929;0.32898;-0.02427;0.5604;0.56468;-0.05311;0.82006
2022.08_16-09-2022.X;Московская область;18+;21_165_days;SputnikV;0.09662;0.0621;0.12987;0.59707;0.49859;0.6762;0.3466;0.05996;0.54584;0.62698;0.16341;0.83368
2022.08_16-09-2022.X;Московская область;18-59;21_165_days;AllVaccines;0.034;0.00086;0.06604;0.59803;0.46855;0.69596;0.34092;-0.10904;0.60832;0.47873;-1.15022;0.87363
2022.08_16-09-2022.X;Московская область;18-59;21_165_days;CoviVac;-0.37763;-0.80818;-0.04959;NULL;NULL;NULL;NULL;NULL;NULL;NULL;NULL;NULL
2022.08_16-09-2022.X;Московская область;18-59;21_165_days;EpiVacCorona;0.35789;0.19703;0.48652;0.75091;-0.76953;0.96494;NULL;NULL;NULL;NULL;NULL;NULL
2022.08_16-09-2022.X;Московская область;18-59;21_165_days;SputnikLite;-0.00095;-0.05535;0.05065;0.61993;0.39503;0.76122;0.17602;-0.74551;0.61104;-0.39648;-4.76039;0.66145
2022.08_16-09-2022.X;Московская область;18-59;21_165_days;SputnikV;0.04578;0.00322;0.08652;0.56895;0.38815;0.69632;0.39925;-0.21399;0.70272;NULL;NULL;NULL
2022.08_16-09-2022.X;Московская область;60+;21_165_days;AllVaccines;0.14592;0.10168;0.18799;0.55982;0.46938;0.63484;0.3774;0.14625;0.54597;0.57057;0.23444;0.75911
2022.08_16-09-2022.X;Московская область;60+;21_165_days;CoviVac;-0.24464;-1.00255;0.22642;0.46254;-2.81694;0.92432;NULL;NULL;NULL;NULL;NULL;NULL
2022.08_16-09-2022.X;Московская область;60+;21_165_days;EpiVacCorona;0.39205;0.20592;0.53456;0.42148;-0.21475;0.72448;-0.31151;-2.50507;0.50927;-1.31804;-6.23208;0.25702
2022.08_16-09-2022.X;Московская область;60+;21_165_days;SputnikLite;0.05188;-0.01655;0.1157;0.5197;0.37553;0.63059;0.49857;0.16334;0.69948;0.76366;0.26265;0.92425
2022.08_16-09-2022.X;Московская область;60+;21_165_days;SputnikV;0.21519;0.1554;0.27074;0.61125;0.48569;0.70616;0.32141;-0.03795;0.55635;0.56386;0.02064;0.80577
2022.08_16-09-2022.X;РФ;18+;21_165_days;AllVaccines;0.08977;0.08341;0.09608;0.18618;0.16275;0.20896;0.44193;0.39348;0.48651;0.46869;0.39259;0.53526
2022.08_16-09-2022.X;РФ;18+;21_165_days;CoviVac;-0.05638;-0.10211;-0.01254;0.31207;0.15691;0.43867;0.50931;0.11369;0.72833;0.44978;-0.32255;0.7711
2022.08_16-09-2022.X;РФ;18+;21_165_days;EpiVacCorona;0.27838;0.25725;0.29892;-0.08286;-0.1865;0.01172;0.18196;-0.05885;0.368;-0.009;-0.45364;0.29964
2022.08_16-09-2022.X;РФ;18+;21_165_days;SputnikLite;-0.04747;-0.06022;-0.03487;0.25332;0.21085;0.2935;0.48247;0.39102;0.56018;0.60049;0.46585;0.7012
2022.08_16-09-2022.X;РФ;18+;21_165_days;SputnikV;0.13305;0.1254;0.14063;0.18197;0.15284;0.21009;0.45004;0.38978;0.50435;0.46398;0.36761;0.54567
2022.08_16-09-2022.X;РФ;18-59;21_165_days;AllVaccines;0.08804;0.0799;0.0961;0.27792;0.23986;0.31406;0.46515;0.36063;0.55258;0.44821;0.1884;0.62485
2022.08_16-09-2022.X;РФ;18-59;21_165_days;CoviVac;-0.15095;-0.20795;-0.09663;0.39996;0.15132;0.57576;0.48908;-0.5851;0.83532;NULL;NULL;NULL
2022.08_16-09-2022.X;РФ;18-59;21_165_days;EpiVacCorona;0.32166;0.29423;0.34802;0.16877;-0.00076;0.30958;0.46074;-0.07937;0.73059;0.67547;-1.30771;0.95436
2022.08_16-09-2022.X;РФ;18-59;21_165_days;SputnikLite;-0.03655;-0.05224;-0.0211;0.30515;0.23616;0.36791;0.39207;0.17552;0.55174;0.51219;-0.02778;0.76848
2022.08_16-09-2022.X;РФ;18-59;21_165_days;SputnikV;0.13293;0.12298;0.14277;0.2712;0.22281;0.31657;0.49927;0.36828;0.60309;0.37254;0.00911;0.60268
2022.08_16-09-2022.X;РФ;60+;21_165_days;AllVaccines;0.12583;0.11597;0.13558;0.26996;0.24463;0.29445;0.53314;0.48705;0.57508;0.57083;0.50498;0.62791
2022.08_16-09-2022.X;РФ;60+;21_165_days;CoviVac;0.14978;0.07142;0.22153;0.17774;-0.05699;0.36035;0.45947;-0.08121;0.72977;0.28321;-0.72305;0.70181
2022.08_16-09-2022.X;РФ;60+;21_165_days;EpiVacCorona;0.2644;0.23272;0.29476;0.0688;-0.03435;0.16166;0.33509;0.122;0.49647;0.20997;-0.1457;0.45523
2022.08_16-09-2022.X;РФ;60+;21_165_days;SputnikLite;-0.05536;-0.07715;-0.03401;0.26203;0.20996;0.31066;0.53926;0.44147;0.61992;0.6369;0.50227;0.73512
2022.08_16-09-2022.X;РФ;60+;21_165_days;SputnikV;0.172;0.16051;0.18334;0.29765;0.26772;0.32636;0.55521;0.50035;0.60404;0.59554;0.51705;0.66128
2022.08_16-09-2022.X;г. Санкт-Петербург;18+;21_165_days;AllVaccines;0.09926;0.07392;0.1239;0.37044;0.28411;0.44635;0.45902;0.24921;0.6102;0.58636;0.29675;0.7567
2022.08_16-09-2022.X;г. Санкт-Петербург;18+;21_165_days;CoviVac;-0.34419;-0.57438;-0.14765;0.46748;-0.41932;0.8002;0.25178;-4.31657;0.8947;NULL;NULL;NULL
2022.08_16-09-2022.X;г. Санкт-Петербург;18+;21_165_days;EpiVacCorona;0.28272;0.09176;0.43353;0.20723;-0.90536;0.67015;-0.78222;-6.13533;0.55485;-0.80075;-11.80734;0.74681
2022.08_16-09-2022.X;г. Санкт-Петербург;18+;21_165_days;SputnikLite;0.05844;0.01457;0.10035;0.34687;0.19195;0.4721;0.35976;-0.06576;0.61538;0.39623;-0.27267;0.71356
2022.08_16-09-2022.X;г. Санкт-Петербург;18+;21_165_days;SputnikV;0.13086;0.09952;0.16111;0.38468;0.2753;0.47755;0.55302;0.29645;0.71602;0.71476;0.36221;0.87243
2022.08_16-09-2022.X;г. Санкт-Петербург;18-59;21_165_days;AllVaccines;0.20279;0.17458;0.23003;0.3721;0.23081;0.48744;0.56206;0.01429;0.80543;NULL;NULL;NULL
2022.08_16-09-2022.X;г. Санкт-Петербург;18-59;21_165_days;CoviVac;-0.29336;-0.52755;-0.09508;-0.00908;-1.69077;0.62158;-1.84451;-19.28594;0.60114;NULL;NULL;NULL
2022.08_16-09-2022.X;г. Санкт-Петербург;18-59;21_165_days;EpiVacCorona;0.35395;0.12572;0.5226;0.58296;-1.96154;0.94127;NULL;NULL;NULL;NULL;NULL;NULL
2022.08_16-09-2022.X;г. Санкт-Петербург;18-59;21_165_days;SputnikLite;0.2124;0.16455;0.25752;0.44858;0.20477;0.61764;0.7856;-0.52903;0.96994;NULL;NULL;NULL
2022.08_16-09-2022.X;г. Санкт-Петербург;18-59;21_165_days;SputnikV;0.21429;0.17885;0.2482;0.34052;0.1531;0.48647;0.52787;-0.26947;0.82441;NULL;NULL;NULL
2022.08_16-09-2022.X;г. Санкт-Петербург;60+;21_165_days;AllVaccines;-0.1596;-0.2143;-0.10736;0.36862;0.25459;0.4652;0.43243;0.18783;0.60336;0.53765;0.21331;0.72826
2022.08_16-09-2022.X;г. Санкт-Петербург;60+;21_165_days;CoviVac;-0.82007;-2.01946;-0.0971;NULL;NULL;NULL;NULL;NULL;NULL;NULL;NULL;NULL
2022.08_16-09-2022.X;г. Санкт-Петербург;60+;21_165_days;EpiVacCorona;0.12967;-0.26935;0.40326;0.05974;-1.50659;0.6473;-0.97674;-6.91667;0.50642;-0.78282;-11.68251;0.74938
2022.08_16-09-2022.X;г. Санкт-Петербург;60+;21_165_days;SputnikLite;-0.31924;-0.41738;-0.2279;0.28599;0.07245;0.45037;0.26262;-0.25037;0.56515;0.33496;-0.40262;0.68468
2022.08_16-09-2022.X;г. Санкт-Петербург;60+;21_165_days;SputnikV;-0.07471;-0.1406;-0.01264;0.41844;0.27799;0.53157;0.56335;0.27249;0.73792;0.68495;0.29518;0.85917
2022.09_11-11-2022.X;Московская область;18+;21_165_days;AllVaccines;0.07241;0.03664;0.10684;0.45977;0.3498;0.55114;0.48871;0.17077;0.68474;0.76581;0.43342;0.9032
2022.09_11-11-2022.X;Московская область;18+;21_165_days;CoviVac;0.03479;-0.49622;0.37735;NULL;NULL;NULL;NULL;NULL;NULL;NULL;NULL;NULL
2022.09_11-11-2022.X;Московская область;18+;21_165_days;EpiVacCorona;0.35248;0.19143;0.48145;0.52436;-0.26808;0.82159;-0.53587;-5.15847;0.61697;-0.19593;-7.51599;0.83205
2022.09_11-11-2022.X;Московская область;18+;21_165_days;SputnikLite;-0.10323;-0.17591;-0.03505;0.44264;0.21856;0.60247;0.25894;-0.56269;0.64857;0.67026;-0.32425;0.9179
2022.09_11-11-2022.X;Московская область;18+;21_165_days;SputnikV;0.13089;0.08886;0.17097;0.45783;0.32127;0.56691;0.64088;0.27784;0.82142;0.86018;0.43849;0.96519
2022.09_11-11-2022.X;Московская область;18-59;21_165_days;AllVaccines;0.03416;-0.012;0.07822;0.50641;0.29814;0.65288;0.41327;-0.59275;0.78386;NULL;NULL;NULL
2022.09_11-11-2022.X;Московская область;18-59;21_165_days;CoviVac;0.14286;-0.50946;0.51328;NULL;NULL;NULL;NULL;NULL;NULL;NULL;NULL;NULL
2022.09_11-11-2022.X;Московская область;18-59;21_165_days;EpiVacCorona;0.39918;0.18074;0.55938;NULL;NULL;NULL;NULL;NULL;NULL;NULL;NULL;NULL
2022.09_11-11-2022.X;Московская область;18-59;21_165_days;SputnikLite;-0.10494;-0.20255;-0.01526;0.75774;0.35323;0.90925;NULL;NULL;NULL;NULL;NULL;NULL
2022.09_11-11-2022.X;Московская область;18-59;21_165_days;SputnikV;0.06559;0.01173;0.11651;0.38634;0.10659;0.57849;0.16633;-1.26308;0.6929;NULL;NULL;NULL
2022.09_11-11-2022.X;Московская область;60+;21_165_days;AllVaccines;0.16058;0.10458;0.21307;0.48079;0.35435;0.58247;0.5473;0.21324;0.73952;0.74799;0.38956;0.89596
2022.09_11-11-2022.X;Московская область;60+;21_165_days;CoviVac;-0.22467;-1.44928;0.38765;NULL;NULL;NULL;NULL;NULL;NULL;NULL;NULL;NULL
2022.09_11-11-2022.X;Московская область;60+;21_165_days;EpiVacCorona;0.35716;0.1162;0.53242;0.51219;-0.30089;0.81708;-0.37409;-4.514;0.65758;0.00559;-6.08529;0.86044
2022.09_11-11-2022.X;Московская область;60+;21_165_days;SputnikLite;-0.01261;-0.11591;0.08113;0.47609;0.24884;0.63459;0.3113;-0.45434;0.67387;0.7152;-0.14469;0.92914
2022.09_11-11-2022.X;Московская область;60+;21_165_days;SputnikV;0.25128;0.18258;0.31419;0.47598;0.3064;0.60409;0.76382;0.36753;0.91181;0.82908;0.31303;0.95748
2022.09_11-11-2022.X;РФ;18+;21_165_days;AllVaccines;0.08436;0.07745;0.09123;0.17326;0.14788;0.19789;0.38772;0.33048;0.44007;0.40212;0.32743;0.46851
2022.09_11-11-2022.X;РФ;18+;21_165_days;CoviVac;0.00561;-0.04109;0.05021;0.30617;0.14383;0.43773;0.52946;0.09545;0.75523;0.64546;0.05512;0.86697
2022.09_11-11-2022.X;РФ;18+;21_165_days;EpiVacCorona;0.11874;0.09344;0.14334;-0.15877;-0.27367;-0.05423;0.03285;-0.26044;0.25789;-0.01358;-0.41962;0.27632
2022.09_11-11-2022.X;РФ;18+;21_165_days;SputnikLite;-0.12963;-0.15004;-0.10957;0.20764;0.14015;0.26983;0.5604;0.41803;0.66793;0.54372;0.34694;0.6812
2022.09_11-11-2022.X;РФ;18+;21_165_days;SputnikV;0.12156;0.11389;0.12916;0.19314;0.16469;0.22062;0.3849;0.31943;0.44407;0.40721;0.32215;0.48159
2022.09_11-11-2022.X;РФ;18-59;21_165_days;AllVaccines;0.11123;0.10216;0.12021;0.30523;0.26122;0.34663;0.53896;0.41241;0.63825;0.56165;0.33704;0.71017
2022.09_11-11-2022.X;РФ;18-59;21_165_days;CoviVac;-0.09404;-0.1545;-0.03674;0.239;-0.07633;0.46195;0.0032;-1.65788;0.62617;0.30981;-3.90489;0.90288
2022.09_11-11-2022.X;РФ;18-59;21_165_days;EpiVacCorona;0.13583;0.10123;0.1691;0.14057;-0.06205;0.30453;0.47641;-0.25902;0.78225;0.41993;-1.32282;0.85514
2022.09_11-11-2022.X;РФ;18-59;21_165_days;SputnikLite;-0.07367;-0.09921;-0.04872;0.3052;0.18719;0.40608;0.76813;0.44246;0.90357;0.61469;-0.19684;0.87595
2022.09_11-11-2022.X;РФ;18-59;21_165_days;SputnikV;0.15276;0.14265;0.16275;0.32192;0.27199;0.36843;0.51904;0.36871;0.63357;0.57273;0.30971;0.73553
2022.09_11-11-2022.X;РФ;60+;21_165_days;AllVaccines;0.11632;0.10633;0.1262;0.29583;0.27091;0.3199;0.49773;0.44701;0.5438;0.52609;0.46415;0.58087
2022.09_11-11-2022.X;РФ;60+;21_165_days;CoviVac;0.18408;0.10905;0.25279;0.30146;0.09004;0.46376;0.64768;0.15336;0.85338;0.67409;-0.01074;0.89491
2022.09_11-11-2022.X;РФ;60+;21_165_days;EpiVacCorona;0.17885;0.14461;0.21172;0.05012;-0.05578;0.14539;0.23843;-0.00551;0.42319;0.24857;-0.06349;0.46906
2022.09_11-11-2022.X;РФ;60+;21_165_days;SputnikLite;-0.17621;-0.20919;-0.14412;0.24424;0.16829;0.31327;0.56281;0.41214;0.67487;0.5864;0.39642;0.71658
2022.09_11-11-2022.X;РФ;60+;21_165_days;SputnikV;0.15209;0.14117;0.16287;0.327;0.29972;0.35321;0.50997;0.45353;0.56059;0.54083;0.47199;0.6007
2022.09_11-11-2022.X;г. Санкт-Петербург;18+;21_165_days;AllVaccines;0.13255;0.09694;0.16675;0.39664;0.28012;0.49431;0.60314;0.34984;0.75776;0.70378;0.37609;0.85937
2022.09_11-11-2022.X;г. Санкт-Петербург;18+;21_165_days;CoviVac;-0.06797;-0.36995;0.16745;0.06738;-1.48576;0.65009;-0.20769;-7.58135;0.83004;NULL;NULL;NULL
2022.09_11-11-2022.X;г. Санкт-Петербург;18+;21_165_days;EpiVacCorona;-0.01733;-0.48356;0.30238;NULL;NULL;NULL;NULL;NULL;NULL;NULL;NULL;NULL
2022.09_11-11-2022.X;г. Санкт-Петербург;18+;21_165_days;SputnikLite;0.07627;0.0048;0.14262;0.46261;0.23067;0.62463;0.72165;0.13557;0.91037;0.8417;-0.12552;0.97774
2022.09_11-11-2022.X;г. Санкт-Петербург;18+;21_165_days;SputnikV;0.16182;0.12011;0.20155;0.37311;0.22968;0.48983;0.57646;0.25185;0.76023;0.63871;0.19273;0.8383
2022.09_11-11-2022.X;г. Санкт-Петербург;18-59;21_165_days;AllVaccines;0.24127;0.2001;0.28032;0.38827;0.17802;0.54474;0.55819;-0.38236;0.8588;0.59718;-1.90103;0.94407
2022.09_11-11-2022.X;г. Санкт-Петербург;18-59;21_165_days;CoviVac;-0.08428;-0.41247;0.16766;-0.99779;-4.32811;0.25092;-4.41068;-37.61344;0.24183;NULL;NULL;NULL
2022.09_11-11-2022.X;г. Санкт-Петербург;18-59;21_165_days;EpiVacCorona;-0.01385;-0.65503;0.37893;NULL;NULL;NULL;NULL;NULL;NULL;NULL;NULL;NULL
2022.09_11-11-2022.X;г. Санкт-Петербург;18-59;21_165_days;SputnikLite;0.25089;0.17384;0.32075;0.57721;0.18626;0.78034;NULL;NULL;NULL;NULL;NULL;NULL
2022.09_11-11-2022.X;г. Санкт-Петербург;18-59;21_165_days;SputnikV;0.25348;0.2037;0.30014;0.35547;0.08609;0.54545;0.5636;-0.75791;0.89167;0.40316;-3.29827;0.91713
2022.09_11-11-2022.X;г. Санкт-Петербург;60+;21_165_days;AllVaccines;-0.06956;-0.13814;-0.00512;0.43448;0.29513;0.54628;0.63808;0.37422;0.79069;0.73597;0.40978;0.88189
2022.09_11-11-2022.X;г. Санкт-Петербург;60+;21_165_days;CoviVac;-0.16311;-1.44002;0.44556;NULL;NULL;NULL;NULL;NULL;NULL;NULL;NULL;NULL
2022.09_11-11-2022.X;г. Санкт-Петербург;60+;21_165_days;EpiVacCorona;0.00276;-0.80097;0.4478;NULL;NULL;NULL;NULL;NULL;NULL;NULL;NULL;NULL
2022.09_11-11-2022.X;г. Санкт-Петербург;60+;21_165_days;SputnikLite;-0.37712;-0.54497;-0.2275;0.33351;-0.02352;0.566;0.62033;-0.17942;0.87778;0.79996;-0.42258;0.97187
2022.09_11-11-2022.X;г. Санкт-Петербург;60+;21_165_days;SputnikV;0.01885;-0.05634;0.08869;0.45059;0.29087;0.57433;0.63487;0.319;0.80422;0.71143;0.30398;0.88036
2022.10_13-12-2022.X;Московская область;18+;21_165_days;AllVaccines;0.0692;-0.00423;0.13725;0.5663;0.4181;0.67676;0.25528;-0.40948;0.60652;0.54338;-0.11456;0.81293
2022.10_13-12-2022.X;Московская область;18+;21_165_days;CoviVac;0.17186;-1.56817;0.73295;NULL;NULL;NULL;NULL;NULL;NULL;NULL;NULL;NULL
2022.10_13-12-2022.X;Московская область;18+;21_165_days;EpiVacCorona;-0.27429;-0.82355;0.10953;-0.23223;-2.28802;0.5382;NULL;NULL;NULL;NULL;NULL;NULL
2022.10_13-12-2022.X;Московская область;18+;21_165_days;SputnikLite;-0.01166;-0.19678;0.14482;0.62783;0.21781;0.82292;0.58004;-1.99871;0.94119;NULL;NULL;NULL
2022.10_13-12-2022.X;Московская область;18+;21_165_days;SputnikV;0.10015;0.01904;0.17455;0.58089;0.41374;0.70038;0.14874;-0.66456;0.56466;0.42006;-0.41558;0.76241
2022.10_13-12-2022.X;Московская область;18-59;21_165_days;AllVaccines;-0.04185;-0.147;0.05367;0.73081;0.47902;0.86091;-0.39247;-3.58999;0.57756;0.30376;-4.215;0.90705
2022.10_13-12-2022.X;Московская область;18-59;21_165_days;CoviVac;-0.41324;-3.38319;0.54434;NULL;NULL;NULL;NULL;NULL;NULL;NULL;NULL;NULL
2022.10_13-12-2022.X;Московская область;18-59;21_165_days;EpiVacCorona;-0.73167;-1.68626;-0.1163;-0.11856;-6.9593;0.8428;NULL;NULL;NULL;NULL;NULL;NULL
2022.10_13-12-2022.X;Московская область;18-59;21_165_days;SputnikLite;0.01276;-0.26076;0.22694;0.60757;-0.5743;0.90218;NULL;NULL;NULL;NULL;NULL;NULL
2022.10_13-12-2022.X;Московская область;18-59;21_165_days;SputnikV;-0.02721;-0.14253;0.07648;0.78005;0.50762;0.90175;-0.70665;-4.6256;0.48225;0.14668;-5.39163;0.88608
2022.10_13-12-2022.X;Московская область;60+;21_165_days;AllVaccines;0.21323;0.10944;0.30492;0.49246;0.29493;0.63465;0.38165;-0.32083;0.71052;0.58133;-0.13386;0.84541
2022.10_13-12-2022.X;Московская область;60+;21_165_days;CoviVac;NULL;NULL;NULL;NULL;NULL;NULL;NULL;NULL;NULL;NULL;NULL;NULL
2022.10_13-12-2022.X;Московская область;60+;21_165_days;EpiVacCorona;0.27684;-0.34502;0.61119;-0.00613;-2.12534;0.6761;NULL;NULL;NULL;NULL;NULL;NULL
2022.10_13-12-2022.X;Московская область;60+;21_165_days;SputnikLite;0.1138;-0.11691;0.29685;0.7185;0.32205;0.88311;0.63744;-1.59173;0.94928;NULL;NULL;NULL
2022.10_13-12-2022.X;Московская область;60+;21_165_days;SputnikV;0.23902;0.11764;0.34371;0.44073;0.19056;0.61359;0.25486;-0.68678;0.67083;0.4114;-0.59409;0.78267
2022.10_13-12-2022.X;РФ;18+;21_165_days;AllVaccines;0.00275;-0.01103;0.01633;0.186;0.15037;0.22013;0.4187;0.34254;0.48603;0.48869;0.39584;0.56727
2022.10_13-12-2022.X;РФ;18+;21_165_days;CoviVac;-0.16571;-0.28278;-0.05932;0.26208;-0.03813;0.47547;0.86602;0.04877;0.98113;NULL;NULL;NULL
2022.10_13-12-2022.X;РФ;18+;21_165_days;EpiVacCorona;-0.03663;-0.09816;0.02144;-0.18797;-0.38425;-0.01952;-0.20789;-0.75083;0.16668;-0.12082;-0.83134;0.31403
2022.10_13-12-2022.X;РФ;18+;21_165_days;SputnikLite;-0.19064;-0.24278;-0.14068;0.09771;-0.03752;0.21531;0.45392;0.15298;0.64793;0.55662;0.17531;0.76163
2022.10_13-12-2022.X;РФ;18+;21_165_days;SputnikV;0.02666;0.01199;0.04112;0.2153;0.1775;0.25135;0.44428;0.36338;0.5149;0.50892;0.40978;0.59141
2022.10_13-12-2022.X;РФ;18-59;21_165_days;AllVaccines;0.02247;0.00296;0.04161;0.35666;0.29315;0.41447;0.57062;0.39635;0.69458;0.76899;0.53575;0.88506
2022.10_13-12-2022.X;РФ;18-59;21_165_days;CoviVac;-0.36214;-0.53351;-0.20992;-0.13605;-0.88506;0.31534;NULL;NULL;NULL;NULL;NULL;NULL
2022.10_13-12-2022.X;РФ;18-59;21_165_days;EpiVacCorona;0.01365;-0.07665;0.09639;0.28159;-0.07228;0.51868;0.46998;-1.12157;0.86759;NULL;NULL;NULL
2022.10_13-12-2022.X;РФ;18-59;21_165_days;SputnikLite;-0.21392;-0.28709;-0.14492;0.24649;-0.00659;0.43594;0.70996;-0.16099;0.92754;0.66841;-1.35819;0.95337
2022.10_13-12-2022.X;РФ;18-59;21_165_days;SputnikV;0.05585;0.0351;0.07616;0.38319;0.3155;0.44418;0.5524;0.35709;0.68837;0.7612;0.49672;0.88669
2022.10_13-12-2022.X;РФ;60+;21_165_days;AllVaccines;0.10209;0.08479;0.11906;0.29167;0.25671;0.32498;0.51148;0.44249;0.57194;0.5653;0.48369;0.634
2022.10_13-12-2022.X;РФ;60+;21_165_days;CoviVac;0.06511;-0.09962;0.20516;0.4112;0.06532;0.62909;0.82698;-0.22853;0.97563;NULL;NULL;NULL
2022.10_13-12-2022.X;РФ;60+;21_165_days;EpiVacCorona;0.09119;0.01885;0.1582;0.00516;-0.17388;0.15689;0.02967;-0.42652;0.33998;0.09474;-0.47938;0.44605
2022.10_13-12-2022.X;РФ;60+;21_165_days;SputnikLite;-0.10409;-0.17583;-0.03672;0.12162;-0.03019;0.25106;0.4498;0.12601;0.65363;0.58294;0.19774;0.78318
2022.10_13-12-2022.X;РФ;60+;21_165_days;SputnikV;0.11997;0.10161;0.13795;0.32261;0.2859;0.35744;0.5438;0.47172;0.60604;0.58877;0.50277;0.6599
2022.10_13-12-2022.X;г. Санкт-Петербург;18+;21_165_days;AllVaccines;0.12246;0.05213;0.18758;0.39297;0.23795;0.51645;0.53425;0.19399;0.73086;0.64238;0.19962;0.84021
2022.10_13-12-2022.X;г. Санкт-Петербург;18+;21_165_days;CoviVac;0.21081;-0.46697;0.57544;NULL;NULL;NULL;NULL;NULL;NULL;NULL;NULL;NULL
2022.10_13-12-2022.X;г. Санкт-Петербург;18+;21_165_days;EpiVacCorona;-0.81982;-2.38272;0.02099;-1.21291;-7.85192;0.44679;NULL;NULL;NULL;NULL;NULL;NULL
2022.10_13-12-2022.X;г. Санкт-Петербург;18+;21_165_days;SputnikLite;0.33557;0.19051;0.45464;0.55114;0.18868;0.75167;0.63393;-0.46651;0.90862;0.6955;-1.16653;0.9572
2022.10_13-12-2022.X;г. Санкт-Петербург;18+;21_165_days;SputnikV;0.07584;-0.00595;0.15098;0.35521;0.17264;0.49748;0.495;0.08405;0.72157;0.61813;0.07794;0.84185
2022.10_13-12-2022.X;г. Санкт-Петербург;18-59;21_165_days;AllVaccines;0.22258;0.13012;0.30521;0.40768;0.10465;0.60815;0.57405;-0.72188;0.89463;NULL;NULL;NULL
2022.10_13-12-2022.X;г. Санкт-Петербург;18-59;21_165_days;CoviVac;-0.13957;-1.11855;0.38702;NULL;NULL;NULL;NULL;NULL;NULL;NULL;NULL;NULL
2022.10_13-12-2022.X;г. Санкт-Петербург;18-59;21_165_days;EpiVacCorona;-0.38107;-2.68041;0.48175;-2.57992;-24.43803;0.49619;NULL;NULL;NULL;NULL;NULL;NULL
2022.10_13-12-2022.X;г. Санкт-Петербург;18-59;21_165_days;SputnikLite;0.40989;0.23087;0.54724;0.66626;-0.03647;0.89254;NULL;NULL;NULL;NULL;NULL;NULL
2022.10_13-12-2022.X;г. Санкт-Петербург;18-59;21_165_days;SputnikV;0.18049;0.06963;0.27815;0.33834;-0.04156;0.57968;0.42402;-1.32839;0.85752;NULL;NULL;NULL
2022.10_13-12-2022.X;г. Санкт-Петербург;60+;21_165_days;AllVaccines;0.04254;-0.06457;0.13888;0.41875;0.23674;0.55736;0.55459;0.19138;0.75466;0.62561;0.16152;0.83283
2022.10_13-12-2022.X;г. Санкт-Петербург;60+;21_165_days;CoviVac;NULL;NULL;NULL;NULL;NULL;NULL;NULL;NULL;NULL;NULL;NULL;NULL
2022.10_13-12-2022.X;г. Санкт-Петербург;60+;21_165_days;EpiVacCorona;-1.22497;-3.95382;0.00068;-0.50788;-9.70878;0.78768;NULL;NULL;NULL;NULL;NULL;NULL
2022.10_13-12-2022.X;г. Санкт-Петербург;60+;21_165_days;SputnikLite;-0.00454;-0.35084;0.25298;0.25733;-0.4869;0.62905;0.31448;-1.74726;0.82894;0.4718;-2.75918;0.92578
2022.10_13-12-2022.X;г. Санкт-Петербург;60+;21_165_days;SputnikV;0.05353;-0.06088;0.15559;0.44479;0.25175;0.58803;0.5807;0.1902;0.78289;0.64102;0.13271;0.85142
2022.11_19-12-2022.X;Московская область;18+;21_165_days;AllVaccines;-0.11225;-0.2246;-0.0102;0.42184;0.20248;0.58086;0.73888;-0.0605;0.93571;0.65184;-0.42139;0.91472
2022.11_19-12-2022.X;Московская область;18+;21_165_days;CoviVac;-0.38661;-4.54564;0.6533;NULL;NULL;NULL;NULL;NULL;NULL;NULL;NULL;NULL
2022.11_19-12-2022.X;Московская область;18+;21_165_days;EpiVacCorona;-0.10749;-1.00119;0.38709;0.38942;-3.33992;0.9141;NULL;NULL;NULL;NULL;NULL;NULL
2022.11_19-12-2022.X;Московская область;18+;21_165_days;SputnikLite;-0.49784;-0.89341;-0.18491;0.23237;-0.71395;0.6562;NULL;NULL;NULL;-0.50232;-9.82397;0.79149
2022.11_19-12-2022.X;Московская область;18+;21_165_days;SputnikV;-0.05908;-0.17715;0.04715;0.44601;0.21106;0.611;0.69507;-0.23843;0.92492;0.79671;-0.46465;0.97178
2022.11_19-12-2022.X;Московская область;18-59;21_165_days;AllVaccines;-0.28518;-0.4465;-0.14184;0.14353;-0.40232;0.47691;0.37304;-3.69606;0.9163;-0.25391;-8.89718;0.84114
2022.11_19-12-2022.X;Московская область;18-59;21_165_days;CoviVac;-1.33927;-8.35825;0.41526;NULL;NULL;NULL;NULL;NULL;NULL;NULL;NULL;NULL
2022.11_19-12-2022.X;Московская область;18-59;21_165_days;EpiVacCorona;-0.17426;-1.6161;0.47292;NULL;NULL;NULL;NULL;NULL;NULL;NULL;NULL;NULL
2022.11_19-12-2022.X;Московская область;18-59;21_165_days;SputnikLite;-0.57428;-1.1684;-0.14295;-0.49087;-3.65758;0.52278;NULL;NULL;NULL;-11.3687;-96.62681;-0.56704
2022.11_19-12-2022.X;Московская область;18-59;21_165_days;SputnikV;-0.25002;-0.41971;-0.10061;0.1926;-0.38542;0.52946;0.28231;-4.3757;0.90418;NULL;NULL;NULL
2022.11_19-12-2022.X;Московская область;60+;21_165_days;AllVaccines;0.10656;-0.05519;0.24352;0.51806;0.262;0.68528;0.82757;-0.24132;0.97605;0.78824;-0.52926;0.97068
2022.11_19-12-2022.X;Московская область;60+;21_165_days;CoviVac;NULL;NULL;NULL;NULL;NULL;NULL;NULL;NULL;NULL;NULL;NULL;NULL
2022.11_19-12-2022.X;Московская область;60+;21_165_days;EpiVacCorona;0.07224;-1.2314;0.61426;0.32211;-3.82094;0.90468;NULL;NULL;NULL;NULL;NULL;NULL
2022.11_19-12-2022.X;Московская область;60+;21_165_days;SputnikLite;-0.25888;-0.7757;0.10751;0.5819;-0.30036;0.86557;NULL;NULL;NULL;NULL;NULL;NULL
2022.11_19-12-2022.X;Московская область;60+;21_165_days;SputnikV;0.17541;0.00177;0.31884;0.51148;0.2188;0.69451;0.78637;-0.53788;0.97032;0.73765;-0.89462;0.96367
2022.11_19-12-2022.X;РФ;18+;21_165_days;AllVaccines;0.02676;0.00809;0.04509;0.20581;0.16364;0.24586;0.49412;0.41007;0.5662;0.55034;0.43725;0.64071
2022.11_19-12-2022.X;РФ;18+;21_165_days;CoviVac;0.06446;-0.1318;0.22668;0.35107;-0.14282;0.63151;NULL;NULL;NULL;NULL;NULL;NULL
2022.11_19-12-2022.X;РФ;18+;21_165_days;EpiVacCorona;-0.03117;-0.13057;0.05948;-0.097;-0.36813;0.1204;0.3619;-0.27678;0.68109;0.69666;-0.21362;0.92418
2022.11_19-12-2022.X;РФ;18+;21_165_days;SputnikLite;-0.16492;-0.25565;-0.08075;0.25086;0.05588;0.40557;0.52188;0.04332;0.76105;0.43178;-0.3665;0.76372
2022.11_19-12-2022.X;РФ;18+;21_165_days;SputnikV;0.0394;0.01995;0.05848;0.21435;0.17028;0.25608;0.49268;0.40391;0.56823;0.54604;0.42598;0.64098
2022.11_19-12-2022.X;РФ;18-59;21_165_days;AllVaccines;-0.01338;-0.04059;0.01312;0.31815;0.24233;0.38639;0.44467;0.22159;0.60381;0.52716;0.15962;0.73395
2022.11_19-12-2022.X;РФ;18-59;21_165_days;CoviVac;-0.087;-0.37878;0.14303;-0.04448;-1.32562;0.53091;NULL;NULL;NULL;NULL;NULL;NULL
2022.11_19-12-2022.X;РФ;18-59;21_165_days;EpiVacCorona;-0.06134;-0.21371;0.07191;0.24387;-0.27732;0.5524;NULL;NULL;NULL;NULL;NULL;NULL
2022.11_19-12-2022.X;РФ;18-59;21_165_days;SputnikLite;-0.30619;-0.43879;-0.18582;0.41449;0.05765;0.63621;0.70987;-1.06172;0.95917;0.27948;-4.12886;0.89878
2022.11_19-12-2022.X;РФ;18-59;21_165_days;SputnikV;0.00716;-0.02115;0.03469;0.31954;0.23964;0.39105;0.40034;0.15546;0.57421;0.51819;0.12222;0.73554
2022.11_19-12-2022.X;РФ;60+;21_165_days;AllVaccines;0.16442;0.14131;0.1869;0.30253;0.25983;0.34277;0.59521;0.51893;0.65939;0.63768;0.53771;0.71603
2022.11_19-12-2022.X;РФ;60+;21_165_days;CoviVac;0.24116;-0.04297;0.44788;0.51939;-0.06993;0.78411;NULL;NULL;NULL;NULL;NULL;NULL
2022.11_19-12-2022.X;РФ;60+;21_165_days;EpiVacCorona;0.14812;0.03327;0.24933;0.07839;-0.17579;0.27761;0.42914;-0.14244;0.71475;0.74451;-0.02229;0.93615
2022.11_19-12-2022.X;РФ;60+;21_165_days;SputnikLite;0.0215;-0.102;0.13116;0.20925;-0.03038;0.39316;0.4935;-0.06325;0.75872;0.48187;-0.38193;0.80574
2022.11_19-12-2022.X;РФ;60+;21_165_days;SputnikV;0.17111;0.14704;0.1945;0.31547;0.27117;0.35709;0.60428;0.52491;0.67039;0.63687;0.53141;0.71859
2022.11_19-12-2022.X;г. Санкт-Петербург;18+;21_165_days;AllVaccines;0.16026;0.07041;0.24143;0.37219;0.19704;0.50914;0.35234;-0.08118;0.61203;0.45706;-0.14783;0.74319
2022.11_19-12-2022.X;г. Санкт-Петербург;18+;21_165_days;CoviVac;0.05105;-1.28031;0.60509;0.16175;-4.95301;0.88196;NULL;NULL;NULL;NULL;NULL;NULL
2022.11_19-12-2022.X;г. Санкт-Петербург;18+;21_165_days;EpiVacCorona;-0.53188;-3.08223;0.42516;NULL;NULL;NULL;NULL;NULL;NULL;NULL;NULL;NULL
2022.11_19-12-2022.X;г. Санкт-Петербург;18+;21_165_days;SputnikLite;0.19263;-0.0342;0.36971;0.49058;0.01985;0.73524;0.49393;-1.02818;0.87373;0.54546;-2.23616;0.93616
2022.11_19-12-2022.X;г. Санкт-Петербург;18+;21_165_days;SputnikV;0.15988;0.0599;0.24922;0.34589;0.14569;0.49917;0.30884;-0.1974;0.60105;0.42697;-0.28479;0.74442
2022.11_19-12-2022.X;г. Санкт-Петербург;18-59;21_165_days;AllVaccines;0.22843;0.10694;0.33339;0.43886;0.10492;0.64821;0.7432;-0.84077;0.96417;0.36738;-3.59881;0.91298
2022.11_19-12-2022.X;г. Санкт-Петербург;18-59;21_165_days;CoviVac;-0.11504;-1.97186;0.58164;-1.08367;-13.80878;0.70682;NULL;NULL;NULL;NULL;NULL;NULL
2022.11_19-12-2022.X;г. Санкт-Петербург;18-59;21_165_days;EpiVacCorona;0.28129;-4.1027;0.89877;NULL;NULL;NULL;NULL;NULL;NULL;NULL;NULL;NULL
2022.11_19-12-2022.X;г. Санкт-Петербург;18-59;21_165_days;SputnikLite;0.12406;-0.1823;0.35104;0.39094;-0.62662;0.77194;NULL;NULL;NULL;NULL;NULL;NULL
2022.11_19-12-2022.X;г. Санкт-Петербург;18-59;21_165_days;SputnikV;0.26226;0.12618;0.37715;0.47673;0.09502;0.69744;0.66843;-1.37672;0.95374;0.18319;-4.93779;0.88764
2022.11_19-12-2022.X;г. Санкт-Петербург;60+;21_165_days;AllVaccines;0.10289;-0.03342;0.22122;0.36202;0.14774;0.52242;0.29802;-0.1941;0.58733;0.48814;-0.14882;0.77194
2022.11_19-12-2022.X;г. Санкт-Петербург;60+;21_165_days;CoviVac;-0.20583;-7.56167;0.83017;NULL;NULL;NULL;NULL;NULL;NULL;NULL;NULL;NULL
2022.11_19-12-2022.X;г. Санкт-Петербург;60+;21_165_days;EpiVacCorona;-1.45887;-6.62624;0.2072;NULL;NULL;NULL;NULL;NULL;NULL;NULL;NULL;NULL
2022.11_19-12-2022.X;г. Санкт-Петербург;60+;21_165_days;SputnikLite;0.03533;-0.49644;0.37814;0.27383;-0.74675;0.69812;-0.07295;-3.30222;0.73241;0.08725;-5.50154;0.87186
2022.11_19-12-2022.X;г. Санкт-Петербург;60+;21_165_days;SputnikV;0.12078;-0.02203;0.24364;0.36463;0.13725;0.53209;0.32944;-0.18891;0.62179;0.52463;-0.15078;0.80363
2022.11_21-12-2022;Московская область;18+;21_165_days;AllVaccines;-0.08944;-0.19813;0.0094;0.44069;0.22853;0.5945;0.74544;-0.03386;0.93732;0.66565;-0.36459;0.91808
2022.11_21-12-2022;Московская область;18+;21_165_days;CoviVac;-0.32249;-4.28942;0.66934;NULL;NULL;NULL;NULL;NULL;NULL;NULL;NULL;NULL
2022.11_21-12-2022;Московская область;18+;21_165_days;EpiVacCorona;-0.06222;-0.91936;0.41214;0.40762;-3.21047;0.91666;NULL;NULL;NULL;NULL;NULL;NULL
2022.11_21-12-2022;Московская область;18+;21_165_days;SputnikLite;-0.46669;-0.85099;-0.16218;0.25022;-0.67404;0.66419;NULL;NULL;NULL;-0.45666;-9.49272;0.79778
2022.11_21-12-2022;Московская область;18+;21_165_days;SputnikV;-0.03875;-0.15298;0.06416;0.46481;0.23786;0.62417;0.70313;-0.20569;0.92691;0.80504;-0.40433;0.97294
2022.11_21-12-2022;Московская область;18-59;21_165_days;AllVaccines;-0.24437;-0.3977;-0.10787;0.19398;-0.31912;0.5075;0.39417;-3.53783;0.91912;-0.0905;-7.51867;0.8604
2022.11_21-12-2022;Московская область;18-59;21_165_days;CoviVac;-1.17976;-7.71996;0.45512;NULL;NULL;NULL;NULL;NULL;NULL;NULL;NULL;NULL
2022.11_21-12-2022;Московская область;18-59;21_165_days;EpiVacCorona;-0.0977;-1.44545;0.50727;NULL;NULL;NULL;NULL;NULL;NULL;NULL;NULL;NULL
2022.11_21-12-2022;Московская область;18-59;21_165_days;SputnikLite;-0.52575;-1.09286;-0.11232;-0.41757;-3.42773;0.54615;NULL;NULL;NULL;-9.86806;-83.89845;-0.39125
2022.11_21-12-2022;Московская область;18-59;21_165_days;SputnikV;-0.21184;-0.37311;-0.06951;0.24105;-0.30175;0.55751;0.30731;-4.18845;0.90752;NULL;NULL;NULL
2022.11_21-12-2022;Московская область;60+;21_165_days;AllVaccines;0.10659;-0.05516;0.24354;0.51807;0.26202;0.68529;0.82757;-0.24128;0.97605;0.78824;-0.52922;0.97068
2022.11_21-12-2022;Московская область;60+;21_165_days;CoviVac;NULL;NULL;NULL;NULL;NULL;NULL;NULL;NULL;NULL;NULL;NULL;NULL
2022.11_21-12-2022;Московская область;60+;21_165_days;EpiVacCorona;0.07202;-1.23194;0.61417;0.32195;-3.82209;0.90466;NULL;NULL;NULL;NULL;NULL;NULL
2022.11_21-12-2022;Московская область;60+;21_165_days;SputnikLite;-0.25882;-0.77561;0.10756;0.58192;-0.30029;0.86557;NULL;NULL;NULL;NULL;NULL;NULL
2022.11_21-12-2022;Московская область;60+;21_165_days;SputnikV;0.17543;0.0018;0.31886;0.5115;0.21882;0.69452;0.78638;-0.53783;0.97033;0.73766;-0.89456;0.96367
2022.11_21-12-2022;РФ;18+;21_165_days;AllVaccines;0.06128;0.04339;0.07883;0.22798;0.18709;0.26681;0.5093;0.42778;0.5792;0.55521;0.44411;0.64412
2022.11_21-12-2022;РФ;18+;21_165_days;CoviVac;0.10588;-0.08073;0.26026;0.37554;-0.09972;0.64541;NULL;NULL;NULL;NULL;NULL;NULL
2022.11_21-12-2022;РФ;18+;21_165_days;EpiVacCorona;0.00224;-0.09317;0.08932;-0.08938;-0.35492;0.12411;0.38046;-0.23962;0.69037;0.70343;-0.18656;0.92587
2022.11_21-12-2022;РФ;18+;21_165_days;SputnikLite;-0.1197;-0.20651;-0.03913;0.2745;0.08568;0.42432;0.53583;0.07125;0.76802;0.4445;-0.3359;0.76901
2022.11_21-12-2022;РФ;18+;21_165_days;SputnikV;0.07328;0.05464;0.09155;0.237;0.19429;0.27745;0.50791;0.42181;0.58119;0.55042;0.43241;0.64389
2022.11_21-12-2022;РФ;18-59;21_165_days;AllVaccines;0.04262;0.01726;0.06733;0.34393;0.27202;0.40874;0.47418;0.26304;0.62482;0.54507;0.19148;0.74403
2022.11_21-12-2022;РФ;18-59;21_165_days;CoviVac;-0.01266;-0.28226;0.20026;0.02509;-1.17069;0.56215;NULL;NULL;NULL;NULL;NULL;NULL
2022.11_21-12-2022;РФ;18-59;21_165_days;EpiVacCorona;-0.00841;-0.15071;0.1163;0.19172;-0.32002;0.50507;NULL;NULL;NULL;NULL;NULL;NULL
2022.11_21-12-2022;РФ;18-59;21_165_days;SputnikLite;-0.22519;-0.34862;-0.11306;0.44965;0.11426;0.65805;0.72423;-0.95983;0.9612;0.30411;-3.95353;0.90224
2022.11_21-12-2022;РФ;18-59;21_165_days;SputnikV;0.06148;0.03509;0.08715;0.34728;0.27162;0.41508;0.43229;0.20055;0.59685;0.53652;0.15563;0.7456
2022.11_21-12-2022;РФ;60+;21_165_days;AllVaccines;0.16474;0.14164;0.18722;0.30459;0.26196;0.34476;0.59683;0.52087;0.66075;0.63215;0.53147;0.71119
2022.11_21-12-2022;РФ;60+;21_165_days;CoviVac;0.24308;-0.04033;0.44928;0.52068;-0.06705;0.78469;NULL;NULL;NULL;NULL;NULL;NULL
2022.11_21-12-2022;РФ;60+;21_165_days;EpiVacCorona;0.14819;0.03335;0.24939;0.07861;-0.1755;0.27779;0.43136;-0.13799;0.71586;0.7444;-0.02276;0.93612
2022.11_21-12-2022;РФ;60+;21_165_days;SputnikLite;0.02154;-0.10196;0.13119;0.20941;-0.03017;0.39328;0.49545;-0.05916;0.75965;0.48161;-0.38263;0.80564
2022.11_21-12-2022;РФ;60+;21_165_days;SputnikV;0.17144;0.14738;0.19483;0.3177;0.27348;0.35924;0.60587;0.52682;0.67171;0.63079;0.52452;0.71331
2022.11_21-12-2022;г. Санкт-Петербург;18+;21_165_days;AllVaccines;0.19347;0.10766;0.27103;0.39908;0.23146;0.53014;0.37234;-0.04776;0.624;0.3948;-0.22037;0.69987
2022.11_21-12-2022;г. Санкт-Петербург;18+;21_165_days;CoviVac;0.0964;-1.17133;0.62396;0.19625;-4.70796;0.88682;NULL;NULL;NULL;NULL;NULL;NULL
2022.11_21-12-2022;г. Санкт-Петербург;18+;21_165_days;EpiVacCorona;-0.42408;-2.79495;0.46561;NULL;NULL;NULL;NULL;NULL;NULL;NULL;NULL;NULL
2022.11_21-12-2022;г. Санкт-Петербург;18+;21_165_days;SputnikLite;0.2181;0.00038;0.3884;0.51098;0.05912;0.74583;0.50814;-0.97121;0.87727;0.55538;-2.16559;0.93755
2022.11_21-12-2022;г. Санкт-Петербург;18+;21_165_days;SputnikV;0.19412;0.09872;0.27942;0.3742;0.1827;0.52083;0.33051;-0.15984;0.61355;0.34825;-0.3779;0.69172
2022.11_21-12-2022;г. Санкт-Петербург;18-59;21_165_days;AllVaccines;0.27009;0.15682;0.36814;0.45771;0.14567;0.65578;0.7533;-0.76836;0.96558;0.39227;-3.41791;0.9164
2022.11_21-12-2022;г. Санкт-Петербург;18-59;21_165_days;CoviVac;-0.03811;-1.76679;0.61049;-0.92818;-12.70269;0.72867;NULL;NULL;NULL;NULL;NULL;NULL
2022.11_21-12-2022;г. Санкт-Петербург;18-59;21_165_days;EpiVacCorona;0.35786;-3.55897;0.90955;NULL;NULL;NULL;NULL;NULL;NULL;NULL;NULL;NULL
2022.11_21-12-2022;г. Санкт-Петербург;18-59;21_165_days;SputnikLite;0.16626;-0.12147;0.38017;0.43688;-0.50374;0.78912;NULL;NULL;NULL;NULL;NULL;NULL
2022.11_21-12-2022;г. Санкт-Петербург;18-59;21_165_days;SputnikV;0.30239;0.17573;0.40959;0.48539;0.12745;0.69649;0.68228;-1.27742;0.95567;0.21732;-4.68971;0.89233
2022.11_21-12-2022;г. Санкт-Петербург;60+;21_165_days;AllVaccines;0.10754;-0.02842;0.22553;0.37592;0.16377;0.53425;0.30086;-0.18924;0.58899;0.40074;-0.26833;0.71686
2022.11_21-12-2022;г. Санкт-Петербург;60+;21_165_days;CoviVac;-0.20561;-7.5601;0.8302;NULL;NULL;NULL;NULL;NULL;NULL;NULL;NULL;NULL
2022.11_21-12-2022;г. Санкт-Петербург;60+;21_165_days;EpiVacCorona;-1.45842;-6.62484;0.20735;NULL;NULL;NULL;NULL;NULL;NULL;NULL;NULL;NULL
2022.11_21-12-2022;г. Санкт-Петербург;60+;21_165_days;SputnikLite;0.03551;-0.49617;0.37825;0.27424;-0.74578;0.69828;-0.06859;-3.28469;0.7335;0.08407;-5.52428;0.87141
2022.11_21-12-2022;г. Санкт-Петербург;60+;21_165_days;SputnikV;0.12595;-0.01645;0.2484;0.38009;0.15519;0.54512;0.33215;-0.18407;0.62331;0.42756;-0.28484;0.74495
